key	indigo	purple	pink	red	orange	green	cyan	blue
focusBorder	#6C5CE7	#9B48CA	#C23899	#D03B49	#BB5B00	#00874C	#00828D	#0074E0
foreground	#9993B8	#A88EAC	#B28C9C	#B8938D	#C1A791	#86AB90	#6BA4A9	#859ABB
descriptionForeground	#8B85A8	#99819C	#A27F8D	#A9857F	#B19984	#799C82	#5F959A	#788BAB
disabledForeground	#9993B880	#A88EAC80	#B28C9C80	#B8938D80	#C1A79180	#86AB9080	#6BA4A980	#859ABB80
errorForeground	#F84A54	#FB4F43	#F84A54	#F94C4C	#F84A54	#F84A54	#F74959	#F94C4C
icon.foreground	#9993B8	#A88EAC	#B28C9C	#B8938D	#C1A791	#86AB90	#6BA4A9	#859ABB
widget.border	#150F2C	#1F0C24	#250A18	#240D0B	#211003	#001B07	#00191B	#03142F
widget.shadow	#020108AA	#040105AA	#050002AA	#050101AA	#040100AA	#000300AA	#000303AA	#000209AA
sash.hoverBorder	#6C5CE7	#9B48CA	#C23899	#D03B49	#BB5B00	#00874C	#00828D	#0074E0
selection.background	#241A52	#371344	#420F2F	#421515	#3D1C00	#003009	#002D2D	#00254E
surface.background	#040208	#060205	#070203	#070201	#050301	#000502	#000405	#02030A
surface.foreground	#8B85A8	#99819C	#A27F8D	#A9857F	#B19984	#799C82	#5F959A	#788BAB
surface.border	#150F2C	#1F0C24	#250A18	#240D0B	#211003	#001B07	#00191B	#03142F
editor.border	#150F2C	#1F0C24	#250A18	#240D0B	#211003	#001B07	#00191B	#03142F
modernPanel.border	#150F2C	#1F0C24	#250A18	#240D0B	#211003	#001B07	#00191B	#03142F
modernSash.gripForeground	#5C5583	#6F5075	#7A4D62	#7C4F49	#745438	#356541	#00656A	#415C85
modernUI.shellBackground	#030209	#050206	#070103	#070201	#060201	#000401	#000404	#01030A
modernUI.inactiveShellBackground	#030209	#050206	#070103	#070201	#060201	#000401	#000404	#01030A
toolbar.hoverBackground	#352A5E55	#47244F55	#52213A55	#50262255	#4B2C1055	#00401A55	#003D4055	#12336355
toolbar.activeBackground	#352A5EAA	#47244FAA	#52213AAA	#502622AA	#4B2C10AA	#00401AAA	#003D40AA	#123363AA
actionBar.toggledBackground	#6C5CE766	#9B48CA66	#C2389966	#D03B4966	#BB5B0066	#00874C66	#00828D66	#0074E066
progressBar.background	#6C5CE7	#9B48CA	#C23899	#D03B49	#BB5B00	#00874C	#00828D	#0074E0
textLink.foreground	#5CB3FF	#76AEFF	#41B7FE	#6DB1FB	#63B3FB	#55B4FF	#70AFFF	#00C1E0
textLink.activeForeground	#8FCBFF	#9EC7FF	#83CEFE	#98C9FC	#93CAFC	#8BCCFF	#9AC8FF	#71D5EA
textSeparator.foreground	#352A5E	#47244F	#52213A	#502622	#4B2C10	#00401A	#003D40	#123363
textPreformat.foreground	#FFAB70	#FC9C7F	#FFA872	#F9B673	#E991BB	#F489B5	#FE9483	#F78E97
textPreformat.background	#0A0716	#100611	#13050B	#120605	#100802	#000E04	#000D0E	#030918
textPreformat.border	#150F2C	#1F0C24	#250A18	#240D0B	#211003	#001B07	#00191B	#03142F
markdownAlert.note.foreground	#5CB3FF	#76AEFF	#41B7FE	#6DB1FB	#63B3FB	#55B4FF	#70AFFF	#00C1E0
markdownAlert.tip.foreground	#8FD19E	#9AD29B	#74CEA9	#79CBAF	#90D0A1	#BBD887	#AAD692	#93D29B
markdownAlert.important.foreground	#BB9AF7	#CA89FF	#BD9BEF	#DD92C9	#BE9DE5	#C794F3	#EF85C4	#C895EE
markdownAlert.warning.foreground	#ECC400	#F0C100	#CFCE18	#CFCE18	#ECC400	#F4BF00	#CFCE18	#FCB900
markdownAlert.caution.foreground	#F84A54	#FB4F43	#F84A54	#F94C4C	#F84A54	#F84A54	#F74959	#F94C4C
textBlockQuote.background	#0A0716	#100611	#13050B	#120605	#100802	#000E04	#000D0E	#030918
textBlockQuote.border	#4B3E91	#67327E	#7F2B60	#862E2F	#793F0A	#005735	#00555E	#1D4B8F
textCodeBlock.background	#020108	#040105	#050002	#050101	#040100	#000300	#000303	#000209
editor.background	#020108	#040105	#050002	#050101	#040100	#000300	#000303	#000209
editor.foreground	#9993B8	#A88EAC	#B28C9C	#B8938D	#C1A791	#86AB90	#6BA4A9	#859ABB
editor.placeholder.foreground	#6E6795	#816287	#8C6074	#8F625B	#8D6D53	#4E7B59	#2A7B80	#567098
editor.compositionBorder	#B39DDB	#CA96C4	#D694A7	#DEA18F	#E0BA8E	#75C29A	#51BBCD	#92A8E4
editorLineNumber.foreground	#5C5583	#6F5075	#7A4D62	#7C4F49	#745438	#356541	#00656A	#415C85
editorLineNumber.activeForeground	#B39DDB	#CA96C4	#D694A7	#DEA18F	#E0BA8E	#75C29A	#51BBCD	#92A8E4
editorLineNumber.dimmedForeground	#2A2150	#3A1B43	#441830	#431D1A	#3F230A	#003511	#003133	#082954
editorCursor.foreground	#B39DDB	#CA96C4	#D694A7	#DEA18F	#E0BA8E	#75C29A	#51BBCD	#92A8E4
editorCursor.background	#020108	#040105	#050002	#050101	#040100	#000300	#000303	#000209
editorMultiCursor.primary.foreground	#B39DDB	#CA96C4	#D694A7	#DEA18F	#E0BA8E	#75C29A	#51BBCD	#92A8E4
editorMultiCursor.primary.background	#020108	#040105	#050002	#050101	#040100	#000300	#000303	#000209
editorMultiCursor.secondary.foreground	#B39DDB99	#CA96C499	#D694A799	#DEA18F99	#E0BA8E99	#75C29A99	#51BBCD99	#92A8E499
editorMultiCursor.secondary.background	#020108	#040105	#050002	#050101	#040100	#000300	#000303	#000209
editor.selectionBackground	#241A52	#371344	#420F2F	#421515	#3D1C00	#003009	#002D2D	#00254E
editor.selectionHighlightBackground	#1C1440	#2B0F34	#340B24	#34100F	#301501	#002507	#002323	#001C3F
editor.inactiveSelectionBackground	#150F2C	#1F0C24	#250A18	#240D0B	#211003	#001B07	#00191B	#03142F
editor.lineHighlightBackground	#080514	#0D040F	#100309	#100403	#0E0601	#000B03	#000A0B	#020716
editor.lineHighlightBorder	#080514	#0D040F	#100309	#100403	#0E0601	#000B03	#000A0B	#020716
editor.inactiveLineHighlightBackground	#08051499	#0D040F99	#10030999	#10040399	#0E060199	#000B0399	#000A0B99	#02071699
editor.wordHighlightBackground	#1C144066	#2B0F3466	#340B2466	#34100F66	#30150166	#00250766	#00232366	#001C3F66
editor.wordHighlightStrongBackground	#241A5299	#37134499	#420F2F99	#42151599	#3D1C0099	#00300999	#002D2D99	#00254E99
editor.findMatchBackground	#6C5CE766	#9B48CA66	#C2389966	#D03B4966	#BB5B0066	#00874C66	#00828D66	#0074E066
editor.findMatchHighlightBackground	#4B3E9155	#67327E55	#7F2B6055	#862E2F55	#793F0A55	#00573555	#00555E55	#1D4B8F55
editor.findMatchBorder	#6C5CE7	#9B48CA	#C23899	#D03B49	#BB5B00	#00874C	#00828D	#0074E0
editor.findRangeHighlightBackground	#1C144033	#2B0F3433	#340B2433	#34100F33	#30150133	#00250733	#00232333	#001C3F33
editor.wordHighlightTextBackground	#1C144066	#2B0F3466	#340B2466	#34100F66	#30150166	#00250766	#00232366	#001C3F66
editor.hoverHighlightBackground	#1C144066	#2B0F3466	#340B2466	#34100F66	#30150166	#00250766	#00232366	#001C3F66
editor.rangeHighlightBackground	#1C144055	#2B0F3455	#340B2455	#34100F55	#30150155	#00250755	#00232355	#001C3F55
editor.symbolHighlightBackground	#6C5CE766	#9B48CA66	#C2389966	#D03B4966	#BB5B0066	#00874C66	#00828D66	#0074E066
editor.linkedEditingBackground	#B39DDB22	#CA96C422	#D694A722	#DEA18F22	#E0BA8E22	#75C29A22	#51BBCD22	#92A8E422
editor.snippetTabstopHighlightBackground	#241A5255	#37134455	#420F2F55	#42151555	#3D1C0055	#00300955	#002D2D55	#00254E55
editor.snippetFinalTabstopHighlightBorder	#352A5E	#47244F	#52213A	#502622	#4B2C10	#00401A	#003D40	#123363
editor.foldBackground	#241A5222	#37134422	#420F2F22	#42151522	#3D1C0022	#00300922	#002D2D22	#00254E22
editor.foldPlaceholderForeground	#6E6795	#816287	#8C6074	#8F625B	#8D6D53	#4E7B59	#2A7B80	#567098
editorLink.activeForeground	#8FCBFF	#9EC7FF	#83CEFE	#98C9FC	#93CAFC	#8BCCFF	#9AC8FF	#71D5EA
editorUnicodeHighlight.border	#ECC400	#F0C100	#CFCE18	#CFCE18	#ECC400	#F4BF00	#CFCE18	#FCB900
search.resultsInfoForeground	#8B85A8	#99819C	#A27F8D	#A9857F	#B19984	#799C82	#5F959A	#788BAB
searchEditor.findMatchBackground	#4B3E9155	#67327E55	#7F2B6055	#862E2F55	#793F0A55	#00573555	#00555E55	#1D4B8F55
searchEditor.textInputBorder	#352A5E	#47244F	#52213A	#502622	#4B2C10	#00401A	#003D40	#123363
editorInlayHint.foreground	#6E6795	#816287	#8C6074	#8F625B	#8D6D53	#4E7B59	#2A7B80	#567098
editorInlayHint.background	#1C144055	#2B0F3455	#340B2455	#34100F55	#30150155	#00250755	#00232355	#001C3F55
editorInlayHint.typeForeground	#6E6795	#816287	#8C6074	#8F625B	#8D6D53	#4E7B59	#2A7B80	#567098
editorInlayHint.typeBackground	#1C144055	#2B0F3455	#340B2455	#34100F55	#30150155	#00250755	#00232355	#001C3F55
editorInlayHint.parameterForeground	#6E6795	#816287	#8C6074	#8F625B	#8D6D53	#4E7B59	#2A7B80	#567098
editorInlayHint.parameterBackground	#1C144055	#2B0F3455	#340B2455	#34100F55	#30150155	#00250755	#00232355	#001C3F55
editorGhostText.foreground	#6E6795	#816287	#8C6074	#8F625B	#8D6D53	#4E7B59	#2A7B80	#567098
editorIndentGuide.background	#150F2C	#1F0C24	#250A18	#240D0B	#211003	#001B07	#00191B	#03142F
editorIndentGuide.background1	#150F2C	#1F0C24	#250A18	#240D0B	#211003	#001B07	#00191B	#03142F
editorIndentGuide.background2	#150F2C	#1F0C24	#250A18	#240D0B	#211003	#001B07	#00191B	#03142F
editorIndentGuide.background3	#150F2C	#1F0C24	#250A18	#240D0B	#211003	#001B07	#00191B	#03142F
editorIndentGuide.background4	#150F2C	#1F0C24	#250A18	#240D0B	#211003	#001B07	#00191B	#03142F
editorIndentGuide.background5	#150F2C	#1F0C24	#250A18	#240D0B	#211003	#001B07	#00191B	#03142F
editorIndentGuide.background6	#150F2C	#1F0C24	#250A18	#240D0B	#211003	#001B07	#00191B	#03142F
editorIndentGuide.activeBackground	#4B3E91	#67327E	#7F2B60	#862E2F	#793F0A	#005735	#00555E	#1D4B8F
editorIndentGuide.activeBackground1	#4B3E91	#67327E	#7F2B60	#862E2F	#793F0A	#005735	#00555E	#1D4B8F
editorIndentGuide.activeBackground2	#4B3E91	#67327E	#7F2B60	#862E2F	#793F0A	#005735	#00555E	#1D4B8F
editorIndentGuide.activeBackground3	#4B3E91	#67327E	#7F2B60	#862E2F	#793F0A	#005735	#00555E	#1D4B8F
editorIndentGuide.activeBackground4	#4B3E91	#67327E	#7F2B60	#862E2F	#793F0A	#005735	#00555E	#1D4B8F
editorIndentGuide.activeBackground5	#4B3E91	#67327E	#7F2B60	#862E2F	#793F0A	#005735	#00555E	#1D4B8F
editorIndentGuide.activeBackground6	#4B3E91	#67327E	#7F2B60	#862E2F	#793F0A	#005735	#00555E	#1D4B8F
editorWhitespace.foreground	#2A2150	#3A1B43	#441830	#431D1A	#3F230A	#003511	#003133	#082954
editorRuler.foreground	#150F2C	#1F0C24	#250A18	#240D0B	#211003	#001B07	#00191B	#03142F
editorBracketMatch.background	#241A5255	#37134455	#420F2F55	#42151555	#3D1C0055	#00300955	#002D2D55	#00254E55
editorBracketMatch.border	#6C5CE7	#9B48CA	#C23899	#D03B49	#BB5B00	#00874C	#00828D	#0074E0
editorBracketHighlight.foreground1	#FF6AC1	#CA89FF	#FF72B7	#FF8E93	#FF9C3E	#36DB86	#00CBE0	#7CAAFF
editorBracketHighlight.foreground2	#5CB3FF	#76AEFF	#41B7FE	#6DB1FB	#63B3FB	#55B4FF	#70AFFF	#00C1E0
editorBracketHighlight.foreground3	#D6E64B	#E7E345	#A4EA62	#93E780	#CAE75D	#FFCA96	#FFD95E	#E7E339
editorBracketHighlight.foreground4	#D7336B	#CC3A8D	#BE3EB7	#8E59D7	#7361E4	#8056F5	#8956E9	#C73BA3
editorBracketHighlight.foreground5	#64D8CB	#62D6DC	#56D7E0	#6BD4E0	#69D7D0	#4AD9D9	#73DCB6	#66D9C4
editorBracketHighlight.foreground6	#F6C177	#F8BC7A	#ECCC72	#E4CF80	#F09A97	#FC9888	#FDB376	#FBAB7E
editorBracketHighlight.unexpectedBracket.foreground	#9D8CFF	#AD97B4	#B994A5	#C19893	#CBAB93	#95B399	#7BAAAB	#8CA2BF
editorBracketPairGuide.background1	#FF6AC155	#CA89FF55	#FF72B755	#FF8E9355	#FF9C3E55	#36DB8655	#00CBE055	#7CAAFF55
editorBracketPairGuide.activeBackground1	#FF6AC199	#CA89FF99	#FF72B799	#FF8E9399	#FF9C3E99	#36DB8699	#00CBE099	#7CAAFF99
editorBracketPairGuide.background2	#5CB3FF55	#76AEFF55	#41B7FE55	#6DB1FB55	#63B3FB55	#55B4FF55	#70AFFF55	#00C1E055
editorBracketPairGuide.activeBackground2	#5CB3FF99	#76AEFF99	#41B7FE99	#6DB1FB99	#63B3FB99	#55B4FF99	#70AFFF99	#00C1E099
editorBracketPairGuide.background3	#D6E64B55	#E7E34555	#A4EA6255	#93E78055	#CAE75D55	#FFCA9655	#FFD95E55	#E7E33955
editorBracketPairGuide.activeBackground3	#D6E64B99	#E7E34599	#A4EA6299	#93E78099	#CAE75D99	#FFCA9699	#FFD95E99	#E7E33999
editorBracketPairGuide.background4	#D7336B55	#CC3A8D55	#BE3EB755	#8E59D755	#7361E455	#8056F555	#8956E955	#C73BA355
editorBracketPairGuide.activeBackground4	#D7336B99	#CC3A8D99	#BE3EB799	#8E59D799	#7361E499	#8056F599	#8956E999	#C73BA399
editorBracketPairGuide.background5	#64D8CB55	#62D6DC55	#56D7E055	#6BD4E055	#69D7D055	#4AD9D955	#73DCB655	#66D9C455
editorBracketPairGuide.activeBackground5	#64D8CB99	#62D6DC99	#56D7E099	#6BD4E099	#69D7D099	#4AD9D999	#73DCB699	#66D9C499
editorBracketPairGuide.background6	#F6C17755	#F8BC7A55	#ECCC7255	#E4CF8055	#F09A9755	#FC988855	#FDB37655	#FBAB7E55
editorBracketPairGuide.activeBackground6	#F6C17799	#F8BC7A99	#ECCC7299	#E4CF8099	#F09A9799	#FC988899	#FDB37699	#FBAB7E99
editorGutter.background	#020108	#040105	#050002	#050101	#040100	#000300	#000303	#000209
editorGutter.foldingControlForeground	#5C5583	#6F5075	#7A4D62	#7C4F49	#745438	#356541	#00656A	#415C85
editorGutter.itemGlyphForeground	#5C5583	#6F5075	#7A4D62	#7C4F49	#745438	#356541	#00656A	#415C85
editorGutter.itemBackground	#020108	#040105	#050002	#050101	#040100	#000300	#000303	#000209
editorGutter.modifiedBackground	#5CB3FF	#76AEFF	#41B7FE	#6DB1FB	#63B3FB	#55B4FF	#70AFFF	#00C1E0
editorGutter.addedBackground	#8FD19E	#9AD29B	#74CEA9	#79CBAF	#90D0A1	#BBD887	#AAD692	#93D29B
editorGutter.deletedBackground	#F84A54	#FB4F43	#F84A54	#F94C4C	#F84A54	#F84A54	#F74959	#F94C4C
editorOverviewRuler.border	#030209	#050206	#070103	#070201	#060201	#000401	#000404	#01030A
editorOverviewRuler.findMatchForeground	#6C5CE799	#9B48CA99	#C2389999	#D03B4999	#BB5B0099	#00874C99	#00828D99	#0074E099
editorOverviewRuler.rangeHighlightForeground	#6C5CE755	#9B48CA55	#C2389955	#D03B4955	#BB5B0055	#00874C55	#00828D55	#0074E055
editorOverviewRuler.selectionHighlightForeground	#352A5E	#47244F	#52213A	#502622	#4B2C10	#00401A	#003D40	#123363
editorOverviewRuler.wordHighlightForeground	#352A5E	#47244F	#52213A	#502622	#4B2C10	#00401A	#003D40	#123363
editorOverviewRuler.wordHighlightStrongForeground	#5C5583	#6F5075	#7A4D62	#7C4F49	#745438	#356541	#00656A	#415C85
editorOverviewRuler.wordHighlightTextForeground	#352A5E	#47244F	#52213A	#502622	#4B2C10	#00401A	#003D40	#123363
editorOverviewRuler.bracketMatchForeground	#5C5583	#6F5075	#7A4D62	#7C4F49	#745438	#356541	#00656A	#415C85
minimap.background	#020108	#040105	#050002	#050101	#040100	#000300	#000303	#000209
minimap.selectionHighlight	#241A52	#371344	#420F2F	#421515	#3D1C00	#003009	#002D2D	#00254E
minimap.findMatchHighlight	#6C5CE7	#9B48CA	#C23899	#D03B49	#BB5B00	#00874C	#00828D	#0074E0
minimap.selectionOccurrenceHighlight	#352A5E	#47244F	#52213A	#502622	#4B2C10	#00401A	#003D40	#123363
minimapSlider.background	#4B3E9155	#67327E55	#7F2B6055	#862E2F55	#793F0A55	#00573555	#00555E55	#1D4B8F55
minimapSlider.hoverBackground	#4B3E9188	#67327E88	#7F2B6088	#862E2F88	#793F0A88	#00573588	#00555E88	#1D4B8F88
minimapSlider.activeBackground	#6C5CE7AA	#9B48CAAA	#C23899AA	#D03B49AA	#BB5B00AA	#00874CAA	#00828DAA	#0074E0AA
editorStickyScroll.background	#0A0716	#100611	#13050B	#120605	#100802	#000E04	#000D0E	#030918
editorStickyScrollGutter.background	#0A0716	#100611	#13050B	#120605	#100802	#000E04	#000D0E	#030918
editorStickyScrollHover.background	#1C144066	#2B0F3466	#340B2466	#34100F66	#30150166	#00250766	#00232366	#001C3F66
editorStickyScroll.shadow	#030209	#050206	#070103	#070201	#060201	#000401	#000404	#01030A
editorStickyScroll.border	#150F2C	#1F0C24	#250A18	#240D0B	#211003	#001B07	#00191B	#03142F
editorLightBulb.foreground	#64D8CB	#62D6DC	#56D7E0	#6BD4E0	#69D7D0	#4AD9D9	#73DCB6	#66D9C4
editorLightBulbAutoFix.foreground	#5CB3FF	#76AEFF	#41B7FE	#6DB1FB	#63B3FB	#55B4FF	#70AFFF	#00C1E0
editorLightBulbAi.foreground	#64D8CB	#62D6DC	#56D7E0	#6BD4E0	#69D7D0	#4AD9D9	#73DCB6	#66D9C4
editorCodeLens.foreground	#6E6795	#816287	#8C6074	#8F625B	#8D6D53	#4E7B59	#2A7B80	#567098
editorWidget.background	#0A0716	#100611	#13050B	#120605	#100802	#000E04	#000D0E	#030918
editorWidget.border	#4B3E91	#67327E	#7F2B60	#862E2F	#793F0A	#005735	#00555E	#1D4B8F
editorHoverWidget.background	#0A0716	#100611	#13050B	#120605	#100802	#000E04	#000D0E	#030918
editorHoverWidget.border	#4B3E91	#67327E	#7F2B60	#862E2F	#793F0A	#005735	#00555E	#1D4B8F
editorSuggestWidget.background	#0A0716	#100611	#13050B	#120605	#100802	#000E04	#000D0E	#030918
editorSuggestWidget.border	#352A5E	#47244F	#52213A	#502622	#4B2C10	#00401A	#003D40	#123363
editorSuggestWidget.selectedBackground	#1C1440	#2B0F34	#340B24	#34100F	#301501	#002507	#002323	#001C3F
editorSuggestWidget.highlightForeground	#FF6AC1	#CA89FF	#FF72B7	#FF8E93	#FF9C3E	#36DB86	#00CBE0	#7CAAFF
editorSuggestWidget.foreground	#9993B8	#A88EAC	#B28C9C	#B8938D	#C1A791	#86AB90	#6BA4A9	#859ABB
editorSuggestWidget.selectedForeground	#ADA7C9	#BBA3BE	#C4A1AF	#CBA8A2	#D4BCA8	#9CBEA5	#84B7BC	#9BADCC
editorSuggestWidget.selectedIconForeground	#ADA7C9	#BBA3BE	#C4A1AF	#CBA8A2	#D4BCA8	#9CBEA5	#84B7BC	#9BADCC
editorSuggestWidget.focusHighlightForeground	#FF6AC1	#CA89FF	#FF72B7	#FF8E93	#FF9C3E	#36DB86	#00CBE0	#7CAAFF
editorSuggestWidgetStatus.foreground	#8B85A8	#99819C	#A27F8D	#A9857F	#B19984	#799C82	#5F959A	#788BAB
editorHoverWidget.foreground	#9993B8	#A88EAC	#B28C9C	#B8938D	#C1A791	#86AB90	#6BA4A9	#859ABB
editorHoverWidget.highlightForeground	#FF6AC1	#CA89FF	#FF72B7	#FF8E93	#FF9C3E	#36DB86	#00CBE0	#7CAAFF
editorHoverWidget.statusBarBackground	#150F2C	#1F0C24	#250A18	#240D0B	#211003	#001B07	#00191B	#03142F
symbolIcon.classForeground	#64D8CB	#62D6DC	#56D7E0	#6BD4E0	#69D7D0	#4AD9D9	#73DCB6	#66D9C4
symbolIcon.structForeground	#64D8CB	#62D6DC	#56D7E0	#6BD4E0	#69D7D0	#4AD9D9	#73DCB6	#66D9C4
symbolIcon.interfaceForeground	#D6E64B	#E7E345	#A4EA62	#93E780	#CAE75D	#FFCA96	#FFD95E	#E7E339
symbolIcon.enumeratorForeground	#D6E64B	#E7E345	#A4EA62	#93E780	#CAE75D	#FFCA96	#FFD95E	#E7E339
symbolIcon.enumeratorMemberForeground	#FFAB70	#FC9C7F	#FFA872	#F9B673	#E991BB	#F489B5	#FE9483	#F78E97
symbolIcon.constantForeground	#FFAB70	#FC9C7F	#FFA872	#F9B673	#E991BB	#F489B5	#FE9483	#F78E97
symbolIcon.typeParameterForeground	#D7336B	#CC3A8D	#BE3EB7	#8E59D7	#7361E4	#8056F5	#8956E9	#C73BA3
symbolIcon.functionForeground	#5CB3FF	#76AEFF	#41B7FE	#6DB1FB	#63B3FB	#55B4FF	#70AFFF	#00C1E0
symbolIcon.methodForeground	#5CB3FF	#76AEFF	#41B7FE	#6DB1FB	#63B3FB	#55B4FF	#70AFFF	#00C1E0
symbolIcon.constructorForeground	#5CB3FF	#76AEFF	#41B7FE	#6DB1FB	#63B3FB	#55B4FF	#70AFFF	#00C1E0
symbolIcon.eventForeground	#5CB3FF	#76AEFF	#41B7FE	#6DB1FB	#63B3FB	#55B4FF	#70AFFF	#00C1E0
symbolIcon.propertyForeground	#BB9AF7	#E78CC1	#BD9BEF	#DD92C9	#BE9DE5	#C794F3	#EF85C4	#C895EE
symbolIcon.fieldForeground	#BB9AF7	#E78CC1	#BD9BEF	#DD92C9	#BE9DE5	#C794F3	#EF85C4	#C895EE
symbolIcon.keyForeground	#BB9AF7	#E78CC1	#BD9BEF	#DD92C9	#BE9DE5	#C794F3	#EF85C4	#C895EE
symbolIcon.variableForeground	#B8B2D9	#C8ADCC	#D3ABBB	#D9B2AB	#E2C6AF	#A5CBAE	#89C4C8	#A3B9DC
symbolIcon.stringForeground	#8FD19E	#9AD29B	#74CEA9	#79CBAF	#90D0A1	#BBD887	#AAD692	#93D29B
symbolIcon.numberForeground	#F6C177	#F8BC7A	#ECCC72	#E4CF80	#F09A97	#FC9888	#FDB376	#FBAB7E
symbolIcon.unitForeground	#F6C177	#F8BC7A	#ECCC72	#E4CF80	#F09A97	#FC9888	#FDB376	#FBAB7E
symbolIcon.booleanForeground	#FF6AC1	#CA89FF	#FF72B7	#FF8E93	#FF9C3E	#36DB86	#00CBE0	#7CAAFF
symbolIcon.nullForeground	#FF6AC1	#CA89FF	#FF72B7	#FF8E93	#FF9C3E	#36DB86	#00CBE0	#7CAAFF
symbolIcon.keywordForeground	#FF6AC1	#CA89FF	#FF72B7	#FF8E93	#FF9C3E	#36DB86	#00CBE0	#7CAAFF
symbolIcon.operatorForeground	#9D8CFF	#AD97B4	#B994A5	#C19893	#CBAB93	#95B399	#7BAAAB	#8CA2BF
symbolIcon.namespaceForeground	#9993B8	#A88EAC	#B28C9C	#B8938D	#C1A791	#86AB90	#6BA4A9	#859ABB
symbolIcon.moduleForeground	#9993B8	#A88EAC	#B28C9C	#B8938D	#C1A791	#86AB90	#6BA4A9	#859ABB
symbolIcon.packageForeground	#9993B8	#A88EAC	#B28C9C	#B8938D	#C1A791	#86AB90	#6BA4A9	#859ABB
symbolIcon.objectForeground	#9993B8	#A88EAC	#B28C9C	#B8938D	#C1A791	#86AB90	#6BA4A9	#859ABB
symbolIcon.arrayForeground	#9993B8	#A88EAC	#B28C9C	#B8938D	#C1A791	#86AB90	#6BA4A9	#859ABB
symbolIcon.referenceForeground	#8B85A8	#99819C	#A27F8D	#A9857F	#B19984	#799C82	#5F959A	#788BAB
symbolIcon.colorForeground	#8B85A8	#99819C	#A27F8D	#A9857F	#B19984	#799C82	#5F959A	#788BAB
symbolIcon.fileForeground	#8B85A8	#99819C	#A27F8D	#A9857F	#B19984	#799C82	#5F959A	#788BAB
symbolIcon.folderForeground	#8B85A8	#99819C	#A27F8D	#A9857F	#B19984	#799C82	#5F959A	#788BAB
symbolIcon.textForeground	#8B85A8	#99819C	#A27F8D	#A9857F	#B19984	#799C82	#5F959A	#788BAB
symbolIcon.snippetForeground	#8B85A8	#99819C	#A27F8D	#A9857F	#B19984	#799C82	#5F959A	#788BAB
editorWidget.foreground	#9993B8	#A88EAC	#B28C9C	#B8938D	#C1A791	#86AB90	#6BA4A9	#859ABB
editorActionList.background	#0A0716	#100611	#13050B	#120605	#100802	#000E04	#000D0E	#030918
editorActionList.foreground	#9993B8	#A88EAC	#B28C9C	#B8938D	#C1A791	#86AB90	#6BA4A9	#859ABB
editorActionList.focusBackground	#1C1440	#2B0F34	#340B24	#34100F	#301501	#002507	#002323	#001C3F
editorActionList.focusForeground	#ADA7C9	#BBA3BE	#C4A1AF	#CBA8A2	#D4BCA8	#9CBEA5	#84B7BC	#9BADCC
simpleFindWidget.sashBorder	#352A5E	#47244F	#52213A	#502622	#4B2C10	#00401A	#003D40	#123363
quickInput.background	#0A0716	#100611	#13050B	#120605	#100802	#000E04	#000D0E	#030918
quickInput.foreground	#9993B8	#A88EAC	#B28C9C	#B8938D	#C1A791	#86AB90	#6BA4A9	#859ABB
quickInputTitle.background	#150F2C	#1F0C24	#250A18	#240D0B	#211003	#001B07	#00191B	#03142F
quickInputList.focusBackground	#1C1440	#2B0F34	#340B24	#34100F	#301501	#002507	#002323	#001C3F
quickInputList.focusForeground	#ADA7C9	#BBA3BE	#C4A1AF	#CBA8A2	#D4BCA8	#9CBEA5	#84B7BC	#9BADCC
pickerGroup.border	#150F2C	#1F0C24	#250A18	#240D0B	#211003	#001B07	#00191B	#03142F
pickerGroup.foreground	#64D8CB	#62D6DC	#56D7E0	#6BD4E0	#69D7D0	#4AD9D9	#73DCB6	#66D9C4
keybindingLabel.background	#150F2C	#1F0C24	#250A18	#240D0B	#211003	#001B07	#00191B	#03142F
keybindingLabel.foreground	#9993B8	#A88EAC	#B28C9C	#B8938D	#C1A791	#86AB90	#6BA4A9	#859ABB
keybindingLabel.border	#352A5E	#47244F	#52213A	#502622	#4B2C10	#00401A	#003D40	#123363
keybindingLabel.bottomBorder	#352A5E	#47244F	#52213A	#502622	#4B2C10	#00401A	#003D40	#123363
menu.background	#0A0716	#100611	#13050B	#120605	#100802	#000E04	#000D0E	#030918
menu.foreground	#9993B8	#A88EAC	#B28C9C	#B8938D	#C1A791	#86AB90	#6BA4A9	#859ABB
menu.border	#352A5E	#47244F	#52213A	#502622	#4B2C10	#00401A	#003D40	#123363
menu.selectionBackground	#1C1440	#2B0F34	#340B24	#34100F	#301501	#002507	#002323	#001C3F
menu.selectionForeground	#ADA7C9	#BBA3BE	#C4A1AF	#CBA8A2	#D4BCA8	#9CBEA5	#84B7BC	#9BADCC
menu.separatorBackground	#352A5E	#47244F	#52213A	#502622	#4B2C10	#00401A	#003D40	#123363
notifications.background	#0A0716	#100611	#13050B	#120605	#100802	#000E04	#000D0E	#030918
notifications.foreground	#9993B8	#A88EAC	#B28C9C	#B8938D	#C1A791	#86AB90	#6BA4A9	#859ABB
notifications.border	#150F2C	#1F0C24	#250A18	#240D0B	#211003	#001B07	#00191B	#03142F
notificationCenter.border	#352A5E	#47244F	#52213A	#502622	#4B2C10	#00401A	#003D40	#123363
notificationCenterHeader.background	#0B0716	#100611	#13050B	#120605	#100802	#000E04	#000D0F	#040918
notificationCenterHeader.foreground	#9993B8	#A88EAC	#B28C9C	#B8938D	#C1A791	#86AB90	#6BA4A9	#859ABB
notificationToast.border	#352A5E	#47244F	#52213A	#502622	#4B2C10	#00401A	#003D40	#123363
notificationLink.foreground	#5CB3FF	#76AEFF	#41B7FE	#6DB1FB	#63B3FB	#55B4FF	#70AFFF	#00C1E0
notificationsErrorIcon.foreground	#F84A54	#FB4F43	#F84A54	#F94C4C	#F84A54	#F84A54	#F74959	#F94C4C
notificationsWarningIcon.foreground	#ECC400	#F0C100	#CFCE18	#CFCE18	#ECC400	#F4BF00	#CFCE18	#FCB900
notificationsInfoIcon.foreground	#5CB3FF	#76AEFF	#41B7FE	#6DB1FB	#63B3FB	#55B4FF	#70AFFF	#00C1E0
banner.background	#150F2C	#1F0C24	#250A18	#240D0B	#211003	#001B07	#00191B	#03142F
banner.foreground	#ADA7C9	#BBA3BE	#C4A1AF	#CBA8A2	#D4BCA8	#9CBEA5	#84B7BC	#9BADCC
banner.iconForeground	#5CB3FF	#76AEFF	#41B7FE	#6DB1FB	#63B3FB	#55B4FF	#70AFFF	#00C1E0
titleBar.activeBackground	#030209	#050206	#070103	#070201	#060201	#000401	#000404	#01030A
titleBar.activeForeground	#9993B8	#A88EAC	#B28C9C	#B8938D	#C1A791	#86AB90	#6BA4A9	#859ABB
titleBar.inactiveBackground	#030209	#050206	#070103	#070201	#060201	#000401	#000404	#01030A
titleBar.inactiveForeground	#6E6795	#816287	#8C6074	#8F625B	#8D6D53	#4E7B59	#2A7B80	#567098
titleBar.border	#150F2C	#1F0C24	#250A18	#240D0B	#211003	#001B07	#00191B	#03142F
menubar.selectionBackground	#352A5E55	#47244F55	#52213A55	#50262255	#4B2C1055	#00401A55	#003D4055	#12336355
menubar.selectionForeground	#9993B8	#A88EAC	#B28C9C	#B8938D	#C1A791	#86AB90	#6BA4A9	#859ABB
commandCenter.background	#0A0716	#100611	#13050B	#120605	#100802	#000E04	#000D0E	#030918
commandCenter.foreground	#8B85A8	#99819C	#A27F8D	#A9857F	#B19984	#799C82	#5F959A	#788BAB
commandCenter.border	#150F2C	#1F0C24	#250A18	#240D0B	#211003	#001B07	#00191B	#03142F
commandCenter.activeBackground	#1C1440	#2B0F34	#340B24	#34100F	#301501	#002507	#002323	#001C3F
commandCenter.activeForeground	#9993B8	#A88EAC	#B28C9C	#B8938D	#C1A791	#86AB90	#6BA4A9	#859ABB
commandCenter.activeBorder	#352A5E	#47244F	#52213A	#502622	#4B2C10	#00401A	#003D40	#123363
commandCenter.inactiveForeground	#6E6795	#816287	#8C6074	#8F625B	#8D6D53	#4E7B59	#2A7B80	#567098
commandCenter.inactiveBorder	#150F2C	#1F0C24	#250A18	#240D0B	#211003	#001B07	#00191B	#03142F
commandCenter.debuggingBackground	#C2185B55	#B8247C55	#AA28A455	#7F49C555	#6652D455	#7142E255	#7944D655	#B2249055
activityBar.background	#030209	#050206	#070103	#070201	#060201	#000401	#000404	#01030A
activityBar.foreground	#9993B8	#A88EAC	#B28C9C	#B8938D	#C1A791	#86AB90	#6BA4A9	#859ABB
activityBar.inactiveForeground	#5C5583	#6F5075	#7A4D62	#7C4F49	#745438	#356541	#00656A	#415C85
activityBar.border	#150F2C	#1F0C24	#250A18	#240D0B	#211003	#001B07	#00191B	#03142F
activityBar.activeBorder	#6C5CE7	#9B48CA	#C23899	#D03B49	#BB5B00	#00874C	#00828D	#0074E0
activityBar.dropBorder	#6C5CE7	#9B48CA	#C23899	#D03B49	#BB5B00	#00874C	#00828D	#0074E0
activityBarBadge.background	#6C5CE7	#9B48CA	#C23899	#D03B49	#BB5B00	#00874C	#00828D	#0074E0
activityBarBadge.foreground	#FFFFFF	#FFFFFF	#FFFFFF	#FFFFFF	#FFFFFF	#FFFFFF	#FFFFFF	#FFFFFF
activityBarTop.foreground	#9993B8	#A88EAC	#B28C9C	#B8938D	#C1A791	#86AB90	#6BA4A9	#859ABB
activityBarTop.inactiveForeground	#5C5583	#6F5075	#7A4D62	#7C4F49	#745438	#356541	#00656A	#415C85
activityBarTop.activeBorder	#6C5CE7	#9B48CA	#C23899	#D03B49	#BB5B00	#00874C	#00828D	#0074E0
activityBarTop.dropBorder	#6C5CE7	#9B48CA	#C23899	#D03B49	#BB5B00	#00874C	#00828D	#0074E0
activityWarningBadge.background	#ECC400	#F0C100	#CFCE18	#CFCE18	#ECC400	#F4BF00	#CFCE18	#FCB900
activityWarningBadge.foreground	#020108	#040105	#050002	#050101	#040100	#000300	#000303	#000209
activityErrorBadge.background	#F84A54	#FB4F43	#F84A54	#F94C4C	#F84A54	#F84A54	#F74959	#F94C4C
activityErrorBadge.foreground	#020108	#040105	#050002	#050101	#040100	#000300	#000303	#000209
profileBadge.background	#352A5E	#47244F	#52213A	#502622	#4B2C10	#00401A	#003D40	#123363
profileBadge.foreground	#EDEAF7	#F2E8F2	#F6E8EC	#FDF0ED	#FFFBF7	#E9F7EE	#DEF0F3	#E6ECF8
profiles.sashBorder	#150F2C	#1F0C24	#250A18	#240D0B	#211003	#001B07	#00191B	#03142F
modernActivityBar.background	#030209	#050206	#070103	#070201	#060201	#000401	#000404	#01030A
modernActivityBar.inactiveBackground	#030209	#050206	#070103	#070201	#060201	#000401	#000404	#01030A
modernActivityBar.border	#150F2C	#1F0C24	#250A18	#240D0B	#211003	#001B07	#00191B	#03142F
modernActivityBarItem.activeBackground	#150F2C	#1F0C24	#250A18	#240D0B	#211003	#001B07	#00191B	#03142F
modernActivityBarItem.activeForeground	#ADA7C9	#BBA3BE	#C4A1AF	#CBA8A2	#D4BCA8	#9CBEA5	#84B7BC	#9BADCC
modernActivityBarItem.hoverBackground	#1C144066	#2B0F3466	#340B2466	#34100F66	#30150166	#00250766	#00232366	#001C3F66
modernActivityBarItem.hoverForeground	#9993B8	#A88EAC	#B28C9C	#B8938D	#C1A791	#86AB90	#6BA4A9	#859ABB
sideBar.background	#040208	#060205	#070203	#070201	#050301	#000502	#000405	#02030A
sideBar.foreground	#8B85A8	#99819C	#A27F8D	#A9857F	#B19984	#799C82	#5F959A	#788BAB
sideBar.border	#150F2C	#1F0C24	#250A18	#240D0B	#211003	#001B07	#00191B	#03142F
sideBar.dropBackground	#6C5CE755	#9B48CA55	#C2389955	#D03B4955	#BB5B0055	#00874C55	#00828D55	#0074E055
sideBarTitle.foreground	#9993B8	#A88EAC	#B28C9C	#B8938D	#C1A791	#86AB90	#6BA4A9	#859ABB
sideBarTitle.background	#040208	#060205	#070203	#070201	#050301	#000502	#000405	#02030A
sideBarSectionHeader.background	#0A0716	#100611	#13050B	#120605	#100802	#000E04	#000D0E	#030918
sideBarSectionHeader.foreground	#9993B8	#A88EAC	#B28C9C	#B8938D	#C1A791	#86AB90	#6BA4A9	#859ABB
sideBarSectionHeader.border	#150F2C	#1F0C24	#250A18	#240D0B	#211003	#001B07	#00191B	#03142F
sideBarActivityBarTop.border	#150F2C	#1F0C24	#250A18	#240D0B	#211003	#001B07	#00191B	#03142F
sideBarStickyScroll.background	#040208	#060205	#070203	#070201	#050301	#000502	#000405	#02030A
sideBarStickyScroll.shadow	#030209	#050206	#070103	#070201	#060201	#000401	#000404	#01030A
statusBar.background	#0A0716	#100611	#13050B	#120605	#100802	#000E04	#000D0E	#030918
statusBar.foreground	#8B85A8	#99819C	#A27F8D	#A9857F	#B19984	#799C82	#5F959A	#788BAB
statusBar.border	#150F2C	#1F0C24	#250A18	#240D0B	#211003	#001B07	#00191B	#03142F
statusBar.focusBorder	#6C5CE7	#9B48CA	#C23899	#D03B49	#BB5B00	#00874C	#00828D	#0074E0
statusBar.debuggingBackground	#C2185B	#B8247C	#AA28A4	#7F49C5	#6652D4	#7142E2	#7944D6	#B22490
statusBar.debuggingForeground	#EDEAF7	#F2E8F2	#F6E8EC	#FDF0ED	#FFFBF7	#E9F7EE	#DEF0F3	#E6ECF8
statusBar.debuggingBorder	#150F2C	#1F0C24	#250A18	#240D0B	#211003	#001B07	#00191B	#03142F
statusBar.noFolderBackground	#0A0716	#100611	#13050B	#120605	#100802	#000E04	#000D0E	#030918
statusBar.noFolderForeground	#8B85A8	#99819C	#A27F8D	#A9857F	#B19984	#799C82	#5F959A	#788BAB
statusBar.noFolderBorder	#150F2C	#1F0C24	#250A18	#240D0B	#211003	#001B07	#00191B	#03142F
statusBarItem.hoverBackground	#1C1440	#2B0F34	#340B24	#34100F	#301501	#002507	#002323	#001C3F
statusBarItem.hoverForeground	#9993B8	#A88EAC	#B28C9C	#B8938D	#C1A791	#86AB90	#6BA4A9	#859ABB
statusBarItem.activeBackground	#241A52	#371344	#420F2F	#421515	#3D1C00	#003009	#002D2D	#00254E
statusBarItem.compactHoverBackground	#1C1440	#2B0F34	#340B24	#34100F	#301501	#002507	#002323	#001C3F
statusBarItem.focusBorder	#6C5CE7	#9B48CA	#C23899	#D03B49	#BB5B00	#00874C	#00828D	#0074E0
statusBarItem.prominentBackground	#4B3E91	#67327E	#7F2B60	#862E2F	#793F0A	#005735	#00555E	#1D4B8F
statusBarItem.prominentForeground	#FFFFFF	#FFFFFF	#FFFFFF	#FFFFFF	#FFFFFF	#FFFFFF	#FFFFFF	#FFFFFF
statusBarItem.prominentHoverBackground	#6C5CE7	#9B48CA	#C23899	#D03B49	#BB5B00	#00874C	#00828D	#0074E0
statusBarItem.prominentHoverForeground	#FFFFFF	#FFFFFF	#FFFFFF	#FFFFFF	#FFFFFF	#FFFFFF	#FFFFFF	#FFFFFF
statusBarItem.remoteBackground	#4B3E91	#67327E	#7F2B60	#862E2F	#793F0A	#005735	#00555E	#1D4B8F
statusBarItem.remoteForeground	#FFFFFF	#FFFFFF	#FFFFFF	#FFFFFF	#FFFFFF	#FFFFFF	#FFFFFF	#FFFFFF
statusBarItem.remoteHoverBackground	#6C5CE7	#9B48CA	#C23899	#D03B49	#BB5B00	#00874C	#00828D	#0074E0
statusBarItem.remoteHoverForeground	#FFFFFF	#FFFFFF	#FFFFFF	#FFFFFF	#FFFFFF	#FFFFFF	#FFFFFF	#FFFFFF
statusBarItem.errorBackground	#F84A5455	#FB4F4355	#F84A5455	#F94C4C55	#F84A5455	#F84A5455	#F7495955	#F94C4C55
statusBarItem.errorForeground	#EDEAF7	#F2E8F2	#F6E8EC	#FDF0ED	#FFFBF7	#E9F7EE	#DEF0F3	#E6ECF8
statusBarItem.errorHoverBackground	#F84A5466	#FB4F4366	#F84A5466	#F94C4C66	#F84A5466	#F84A5466	#F7495966	#F94C4C66
statusBarItem.errorHoverForeground	#EDEAF7	#F2E8F2	#F6E8EC	#FDF0ED	#FFFBF7	#E9F7EE	#DEF0F3	#E6ECF8
statusBarItem.warningBackground	#ECC40055	#F0C10055	#CFCE1855	#CFCE1855	#ECC40055	#F4BF0055	#CFCE1855	#FCB90055
statusBarItem.warningForeground	#EDEAF7	#F2E8F2	#F6E8EC	#FDF0ED	#FFFBF7	#E9F7EE	#DEF0F3	#E6ECF8
statusBarItem.warningHoverBackground	#ECC40066	#F0C10066	#CFCE1866	#CFCE1866	#ECC40066	#F4BF0066	#CFCE1866	#FCB90066
statusBarItem.warningHoverForeground	#EDEAF7	#F2E8F2	#F6E8EC	#FDF0ED	#FFFBF7	#E9F7EE	#DEF0F3	#E6ECF8
statusBarItem.offlineBackground	#F84A5455	#FB4F4355	#F84A5455	#F94C4C55	#F84A5455	#F84A5455	#F7495955	#F94C4C55
statusBarItem.offlineForeground	#EDEAF7	#F2E8F2	#F6E8EC	#FDF0ED	#FFFBF7	#E9F7EE	#DEF0F3	#E6ECF8
statusBarItem.offlineHoverBackground	#F84A5466	#FB4F4366	#F84A5466	#F94C4C66	#F84A5466	#F84A5466	#F7495966	#F94C4C66
statusBarItem.offlineHoverForeground	#EDEAF7	#F2E8F2	#F6E8EC	#FDF0ED	#FFFBF7	#E9F7EE	#DEF0F3	#E6ECF8
tab.activeBackground	#0B0716	#100611	#13050B	#120605	#100802	#000E04	#000D0F	#040918
tab.activeForeground	#ADA7C9	#BBA3BE	#C4A1AF	#CBA8A2	#D4BCA8	#9CBEA5	#84B7BC	#9BADCC
tab.inactiveBackground	#020108	#040105	#050002	#050101	#040100	#000300	#000303	#000209
tab.inactiveForeground	#6E6795	#816287	#8C6074	#8F625B	#8D6D53	#4E7B59	#2A7B80	#567098
tab.border	#150F2C	#1F0C24	#250A18	#240D0B	#211003	#001B07	#00191B	#03142F
tab.activeBorderTop	#6C5CE7	#9B48CA	#C23899	#D03B49	#BB5B00	#00874C	#00828D	#0074E0
tab.unfocusedActiveBorderTop	#4B3E91	#67327E	#7F2B60	#862E2F	#793F0A	#005735	#00555E	#1D4B8F
tab.unfocusedActiveBackground	#0B0716	#100611	#13050B	#120605	#100802	#000E04	#000D0F	#040918
tab.unfocusedActiveForeground	#ADA7C999	#BBA3BE99	#C4A1AF99	#CBA8A299	#D4BCA899	#9CBEA599	#84B7BC99	#9BADCC99
tab.unfocusedInactiveBackground	#020108	#040105	#050002	#050101	#040100	#000300	#000303	#000209
tab.unfocusedInactiveForeground	#6E679599	#81628799	#8C607499	#8F625B99	#8D6D5399	#4E7B5999	#2A7B8099	#56709899
tab.hoverBackground	#0B071688	#10061188	#13050B88	#12060588	#10080288	#000E0488	#000D0F88	#04091888
tab.hoverForeground	#9993B8	#A88EAC	#B28C9C	#B8938D	#C1A791	#86AB90	#6BA4A9	#859ABB
tab.unfocusedHoverBackground	#0B071688	#10061188	#13050B88	#12060588	#10080288	#000E0488	#000D0F88	#04091888
tab.unfocusedHoverForeground	#9993B899	#A88EAC99	#B28C9C99	#B8938D99	#C1A79199	#86AB9099	#6BA4A999	#859ABB99
tab.selectedBackground	#150F2C	#1F0C24	#250A18	#240D0B	#211003	#001B07	#00191B	#03142F
tab.selectedForeground	#9993B8	#A88EAC	#B28C9C	#B8938D	#C1A791	#86AB90	#6BA4A9	#859ABB
tab.selectedBorderTop	#4B3E91	#67327E	#7F2B60	#862E2F	#793F0A	#005735	#00555E	#1D4B8F
tab.activeModifiedBorder	#5CB3FF	#76AEFF	#41B7FE	#6DB1FB	#63B3FB	#55B4FF	#70AFFF	#00C1E0
tab.inactiveModifiedBorder	#5CB3FF99	#76AEFF99	#41B7FE99	#6DB1FB99	#63B3FB99	#55B4FF99	#70AFFF99	#00C1E099
tab.unfocusedActiveModifiedBorder	#5CB3FF99	#76AEFF99	#41B7FE99	#6DB1FB99	#63B3FB99	#55B4FF99	#70AFFF99	#00C1E099
tab.unfocusedInactiveModifiedBorder	#5CB3FF55	#76AEFF55	#41B7FE55	#6DB1FB55	#63B3FB55	#55B4FF55	#70AFFF55	#00C1E055
tab.lastPinnedBorder	#352A5E	#47244F	#52213A	#502622	#4B2C10	#00401A	#003D40	#123363
tab.dragAndDropBorder	#6C5CE7	#9B48CA	#C23899	#D03B49	#BB5B00	#00874C	#00828D	#0074E0
modernTab.activeBackground	#150F2C	#1F0C24	#250A18	#240D0B	#211003	#001B07	#00191B	#03142F
modernTab.activeForeground	#ADA7C9	#BBA3BE	#C4A1AF	#CBA8A2	#D4BCA8	#9CBEA5	#84B7BC	#9BADCC
modernTab.hoverBackground	#1C144066	#2B0F3466	#340B2466	#34100F66	#30150166	#00250766	#00232366	#001C3F66
modernTab.hoverForeground	#9993B8	#A88EAC	#B28C9C	#B8938D	#C1A791	#86AB90	#6BA4A9	#859ABB
modernEditorTab.activeBackground	#150F2C	#1F0C24	#250A18	#240D0B	#211003	#001B07	#00191B	#03142F
modernEditorTab.activeForeground	#ADA7C9	#BBA3BE	#C4A1AF	#CBA8A2	#D4BCA8	#9CBEA5	#84B7BC	#9BADCC
modernEditorTab.activeActionBackground	#150F2C	#1F0C24	#250A18	#240D0B	#211003	#001B07	#00191B	#03142F
modernEditorTab.hoverBackground	#1C144066	#2B0F3466	#340B2466	#34100F66	#30150166	#00250766	#00232366	#001C3F66
modernEditorTab.hoverForeground	#9993B8	#A88EAC	#B28C9C	#B8938D	#C1A791	#86AB90	#6BA4A9	#859ABB
modernEditorTab.hoverActionBackground	#1C144066	#2B0F3466	#340B2466	#34100F66	#30150166	#00250766	#00232366	#001C3F66
modernEditorTab.activeHoverBackground	#150F2C	#1F0C24	#250A18	#240D0B	#211003	#001B07	#00191B	#03142F
modernEditorTab.activeHoverActionBackground	#150F2C	#1F0C24	#250A18	#240D0B	#211003	#001B07	#00191B	#03142F
modernEditorTab.selectedActionBackground	#150F2C	#1F0C24	#250A18	#240D0B	#211003	#001B07	#00191B	#03142F
editorGroupHeader.tabsBackground	#040208	#060205	#070203	#070201	#050301	#000502	#000405	#02030A
editorGroupHeader.noTabsBackground	#020108	#040105	#050002	#050101	#040100	#000300	#000303	#000209
editorGroupHeader.border	#150F2C	#1F0C24	#250A18	#240D0B	#211003	#001B07	#00191B	#03142F
editorGroup.border	#150F2C	#1F0C24	#250A18	#240D0B	#211003	#001B07	#00191B	#03142F
editorGroup.dropBackground	#6C5CE755	#9B48CA55	#C2389955	#D03B4955	#BB5B0055	#00874C55	#00828D55	#0074E055
editorGroup.focusedEmptyBorder	#6C5CE7	#9B48CA	#C23899	#D03B49	#BB5B00	#00874C	#00828D	#0074E0
editorGroup.dropIntoPromptBackground	#0A0716	#100611	#13050B	#120605	#100802	#000E04	#000D0E	#030918
editorGroup.dropIntoPromptForeground	#9993B8	#A88EAC	#B28C9C	#B8938D	#C1A791	#86AB90	#6BA4A9	#859ABB
editorGroup.dropIntoPromptBorder	#4B3E91	#67327E	#7F2B60	#862E2F	#793F0A	#005735	#00555E	#1D4B8F
editorPane.background	#020108	#040105	#050002	#050101	#040100	#000300	#000303	#000209
sideBySideEditor.horizontalBorder	#150F2C	#1F0C24	#250A18	#240D0B	#211003	#001B07	#00191B	#03142F
sideBySideEditor.verticalBorder	#150F2C	#1F0C24	#250A18	#240D0B	#211003	#001B07	#00191B	#03142F
breadcrumb.background	#020108	#040105	#050002	#050101	#040100	#000300	#000303	#000209
breadcrumb.foreground	#8B85A8	#99819C	#A27F8D	#A9857F	#B19984	#799C82	#5F959A	#788BAB
breadcrumb.focusForeground	#ADA7C9	#BBA3BE	#C4A1AF	#CBA8A2	#D4BCA8	#9CBEA5	#84B7BC	#9BADCC
breadcrumb.activeSelectionForeground	#ADA7C9	#BBA3BE	#C4A1AF	#CBA8A2	#D4BCA8	#9CBEA5	#84B7BC	#9BADCC
breadcrumbPicker.background	#0A0716	#100611	#13050B	#120605	#100802	#000E04	#000D0E	#030918
panel.background	#040208	#060205	#070203	#070201	#050301	#000502	#000405	#02030A
panel.border	#150F2C	#1F0C24	#250A18	#240D0B	#211003	#001B07	#00191B	#03142F
panel.dropBorder	#6C5CE7	#9B48CA	#C23899	#D03B49	#BB5B00	#00874C	#00828D	#0074E0
panelTitle.activeBorder	#6C5CE7	#9B48CA	#C23899	#D03B49	#BB5B00	#00874C	#00828D	#0074E0
panelTitle.activeForeground	#9993B8	#A88EAC	#B28C9C	#B8938D	#C1A791	#86AB90	#6BA4A9	#859ABB
panelTitle.inactiveForeground	#6E6795	#816287	#8C6074	#8F625B	#8D6D53	#4E7B59	#2A7B80	#567098
panelTitleBadge.background	#6C5CE7	#9B48CA	#C23899	#D03B49	#BB5B00	#00874C	#00828D	#0074E0
panelTitleBadge.foreground	#FFFFFF	#FFFFFF	#FFFFFF	#FFFFFF	#FFFFFF	#FFFFFF	#FFFFFF	#FFFFFF
panelInput.border	#352A5E	#47244F	#52213A	#502622	#4B2C10	#00401A	#003D40	#123363
panelSection.border	#150F2C	#1F0C24	#250A18	#240D0B	#211003	#001B07	#00191B	#03142F
panelSection.dropBackground	#6C5CE755	#9B48CA55	#C2389955	#D03B4955	#BB5B0055	#00874C55	#00828D55	#0074E055
panelSectionHeader.background	#0A0716	#100611	#13050B	#120605	#100802	#000E04	#000D0E	#030918
panelSectionHeader.foreground	#9993B8	#A88EAC	#B28C9C	#B8938D	#C1A791	#86AB90	#6BA4A9	#859ABB
panelSectionHeader.border	#150F2C	#1F0C24	#250A18	#240D0B	#211003	#001B07	#00191B	#03142F
panelStickyScroll.background	#040208	#060205	#070203	#070201	#050301	#000502	#000405	#02030A
panelStickyScroll.shadow	#030209	#050206	#070103	#070201	#060201	#000401	#000404	#01030A
input.background	#0A0716	#100611	#13050B	#120605	#100802	#000E04	#000D0E	#030918
input.border	#352A5E	#47244F	#52213A	#502622	#4B2C10	#00401A	#003D40	#123363
input.foreground	#9993B8	#A88EAC	#B28C9C	#B8938D	#C1A791	#86AB90	#6BA4A9	#859ABB
input.placeholderForeground	#6E6795	#816287	#8C6074	#8F625B	#8D6D53	#4E7B59	#2A7B80	#567098
inputOption.activeBackground	#6C5CE766	#9B48CA66	#C2389966	#D03B4966	#BB5B0066	#00874C66	#00828D66	#0074E066
inputOption.activeBorder	#4B3E91	#67327E	#7F2B60	#862E2F	#793F0A	#005735	#00555E	#1D4B8F
inputOption.activeForeground	#EDEAF7	#F2E8F2	#F6E8EC	#FDF0ED	#FFFBF7	#E9F7EE	#DEF0F3	#E6ECF8
inputOption.hoverBackground	#352A5E55	#47244F55	#52213A55	#50262255	#4B2C1055	#00401A55	#003D4055	#12336355
dropdown.background	#0A0716	#100611	#13050B	#120605	#100802	#000E04	#000D0E	#030918
dropdown.border	#352A5E	#47244F	#52213A	#502622	#4B2C10	#00401A	#003D40	#123363
dropdown.foreground	#9993B8	#A88EAC	#B28C9C	#B8938D	#C1A791	#86AB90	#6BA4A9	#859ABB
checkbox.background	#0A0716	#100611	#13050B	#120605	#100802	#000E04	#000D0E	#030918
checkbox.foreground	#9993B8	#A88EAC	#B28C9C	#B8938D	#C1A791	#86AB90	#6BA4A9	#859ABB
checkbox.border	#352A5E	#47244F	#52213A	#502622	#4B2C10	#00401A	#003D40	#123363
checkbox.selectBackground	#0A0716	#100611	#13050B	#120605	#100802	#000E04	#000D0E	#030918
checkbox.selectBorder	#9993B8	#A88EAC	#B28C9C	#B8938D	#C1A791	#86AB90	#6BA4A9	#859ABB
checkbox.disabled.background	#0A071680	#10061180	#13050B80	#12060580	#10080280	#000E0480	#000D0E80	#03091880
checkbox.disabled.foreground	#9993B880	#A88EAC80	#B28C9C80	#B8938D80	#C1A79180	#86AB9080	#6BA4A980	#859ABB80
radio.activeBackground	#6C5CE766	#9B48CA66	#C2389966	#D03B4966	#BB5B0066	#00874C66	#00828D66	#0074E066
radio.activeForeground	#EDEAF7	#F2E8F2	#F6E8EC	#FDF0ED	#FFFBF7	#E9F7EE	#DEF0F3	#E6ECF8
radio.activeBorder	#4B3E91	#67327E	#7F2B60	#862E2F	#793F0A	#005735	#00555E	#1D4B8F
radio.inactiveBorder	#352A5E	#47244F	#52213A	#502622	#4B2C10	#00401A	#003D40	#123363
radio.inactiveHoverBackground	#352A5E55	#47244F55	#52213A55	#50262255	#4B2C1055	#00401A55	#003D4055	#12336355
list.activeSelectionBackground	#150F2C	#1F0C24	#250A18	#240D0B	#211003	#001B07	#00191B	#03142F
list.activeSelectionForeground	#ADA7C9	#BBA3BE	#C4A1AF	#CBA8A2	#D4BCA8	#9CBEA5	#84B7BC	#9BADCC
list.inactiveSelectionBackground	#150F2C	#1F0C24	#250A18	#240D0B	#211003	#001B07	#00191B	#03142F
list.inactiveSelectionForeground	#9993B8	#A88EAC	#B28C9C	#B8938D	#C1A791	#86AB90	#6BA4A9	#859ABB
list.hoverBackground	#1C144066	#2B0F3466	#340B2466	#34100F66	#30150166	#00250766	#00232366	#001C3F66
list.focusBackground	#1C1440	#2B0F34	#340B24	#34100F	#301501	#002507	#002323	#001C3F
list.focusOutline	#6C5CE7	#9B48CA	#C23899	#D03B49	#BB5B00	#00874C	#00828D	#0074E0
list.highlightForeground	#FF6AC1	#CA89FF	#FF72B7	#FF8E93	#FF9C3E	#36DB86	#00CBE0	#7CAAFF
list.focusHighlightForeground	#FF6AC1	#CA89FF	#FF72B7	#FF8E93	#FF9C3E	#36DB86	#00CBE0	#7CAAFF
list.deemphasizedForeground	#6E6795	#816287	#8C6074	#8F625B	#8D6D53	#4E7B59	#2A7B80	#567098
list.invalidItemForeground	#ECC400	#F0C100	#CFCE18	#CFCE18	#ECC400	#F4BF00	#CFCE18	#FCB900
list.dropBackground	#6C5CE755	#9B48CA55	#C2389955	#D03B4955	#BB5B0055	#00874C55	#00828D55	#0074E055
list.dropBetweenBackground	#6C5CE7	#9B48CA	#C23899	#D03B49	#BB5B00	#00874C	#00828D	#0074E0
list.filterMatchBackground	#4B3E9155	#67327E55	#7F2B6055	#862E2F55	#793F0A55	#00573555	#00555E55	#1D4B8F55
listFilterWidget.background	#0A0716	#100611	#13050B	#120605	#100802	#000E04	#000D0E	#030918
listFilterWidget.outline	#4B3E91	#67327E	#7F2B60	#862E2F	#793F0A	#005735	#00555E	#1D4B8F
listFilterWidget.noMatchesOutline	#F84A54	#FB4F43	#F84A54	#F94C4C	#F84A54	#F84A54	#F74959	#F94C4C
listFilterWidget.shadow	#020108AA	#040105AA	#050002AA	#050101AA	#040100AA	#000300AA	#000303AA	#000209AA
tree.indentGuidesStroke	#352A5E	#47244F	#52213A	#502622	#4B2C10	#00401A	#003D40	#123363
tree.inactiveIndentGuidesStroke	#150F2C	#1F0C24	#250A18	#240D0B	#211003	#001B07	#00191B	#03142F
tree.tableColumnsBorder	#150F2C	#1F0C24	#250A18	#240D0B	#211003	#001B07	#00191B	#03142F
tree.tableOddRowsBackground	#0A0716	#100611	#13050B	#120605	#100802	#000E04	#000D0E	#030918
keybindingTable.headerBackground	#0A0716	#100611	#13050B	#120605	#100802	#000E04	#000D0E	#030918
keybindingTable.rowsBackground	#0A0716	#100611	#13050B	#120605	#100802	#000E04	#000D0E	#030918
scrollbar.shadow	#030209	#050206	#070103	#070201	#060201	#000401	#000404	#01030A
scrollbarSlider.background	#4B3E9155	#67327E55	#7F2B6055	#862E2F55	#793F0A55	#00573555	#00555E55	#1D4B8F55
scrollbarSlider.hoverBackground	#4B3E9188	#67327E88	#7F2B6088	#862E2F88	#793F0A88	#00573588	#00555E88	#1D4B8F88
scrollbarSlider.activeBackground	#6C5CE7AA	#9B48CAAA	#C23899AA	#D03B49AA	#BB5B00AA	#00874CAA	#00828DAA	#0074E0AA
button.background	#6C5CE7	#9B48CA	#C23899	#D03B49	#BB5B00	#00874C	#00828D	#0074E0
button.foreground	#FFFFFF	#FFFFFF	#FFFFFF	#FFFFFF	#FFFFFF	#FFFFFF	#FFFFFF	#FFFFFF
button.hoverBackground	#6C5CE788	#9B48CA88	#C2389988	#D03B4988	#BB5B0088	#00874C88	#00828D88	#0074E088
button.separator	#FFFFFF66	#FFFFFF66	#FFFFFF66	#FFFFFF66	#FFFFFF66	#FFFFFF66	#FFFFFF66	#FFFFFF66
button.secondaryBackground	#1C1440	#2B0F34	#340B24	#34100F	#301501	#002507	#002323	#001C3F
button.secondaryForeground	#ADA7C9	#BBA3BE	#C4A1AF	#CBA8A2	#D4BCA8	#9CBEA5	#84B7BC	#9BADCC
button.secondaryHoverBackground	#241A52	#371344	#420F2F	#421515	#3D1C00	#003009	#002D2D	#00254E
button.secondaryBorder	#352A5E	#47244F	#52213A	#502622	#4B2C10	#00401A	#003D40	#123363
extensionButton.background	#1C1440	#2B0F34	#340B24	#34100F	#301501	#002507	#002323	#001C3F
extensionButton.foreground	#ADA7C9	#BBA3BE	#C4A1AF	#CBA8A2	#D4BCA8	#9CBEA5	#84B7BC	#9BADCC
extensionButton.hoverBackground	#241A52	#371344	#420F2F	#421515	#3D1C00	#003009	#002D2D	#00254E
extensionButton.border	#352A5E	#47244F	#52213A	#502622	#4B2C10	#00401A	#003D40	#123363
extensionButton.separator	#FFFFFF66	#FFFFFF66	#FFFFFF66	#FFFFFF66	#FFFFFF66	#FFFFFF66	#FFFFFF66	#FFFFFF66
extensionButton.prominentBackground	#6C5CE7	#9B48CA	#C23899	#D03B49	#BB5B00	#00874C	#00828D	#0074E0
extensionButton.prominentForeground	#FFFFFF	#FFFFFF	#FFFFFF	#FFFFFF	#FFFFFF	#FFFFFF	#FFFFFF	#FFFFFF
extensionButton.prominentHoverBackground	#6C5CE788	#9B48CA88	#C2389988	#D03B4988	#BB5B0088	#00874C88	#00828D88	#0074E088
extensionBadge.remoteBackground	#6C5CE7	#9B48CA	#C23899	#D03B49	#BB5B00	#00874C	#00828D	#0074E0
extensionBadge.remoteForeground	#FFFFFF	#FFFFFF	#FFFFFF	#FFFFFF	#FFFFFF	#FFFFFF	#FFFFFF	#FFFFFF
extensionIcon.starForeground	#FFAB70	#FC9C7F	#FFA872	#F9B673	#FF9C3E	#FC9888	#FDB376	#FBAB7E
extensionIcon.verifiedForeground	#5CB3FF	#76AEFF	#41B7FE	#6DB1FB	#63B3FB	#55B4FF	#70AFFF	#00C1E0
extensionIcon.preReleaseForeground	#8FD19E	#9AD29B	#74CEA9	#79CBAF	#90D0A1	#BBD887	#AAD692	#93D29B
extensionIcon.sponsorForeground	#BB9AF7	#CA89FF	#BD9BEF	#DD92C9	#BE9DE5	#C794F3	#EF85C4	#C895EE
extensionIcon.privateForeground	#6E6795	#816287	#8C6074	#8F625B	#8D6D53	#4E7B59	#2A7B80	#567098
mcpIcon.starForeground	#FFAB70	#FC9C7F	#FFA872	#F9B673	#FF9C3E	#FC9888	#FDB376	#FBAB7E
badge.background	#4B3E91	#67327E	#7F2B60	#862E2F	#793F0A	#005735	#00555E	#1D4B8F
badge.foreground	#FFFFFF	#FFFFFF	#FFFFFF	#FFFFFF	#FFFFFF	#FFFFFF	#FFFFFF	#FFFFFF
gauge.background	#150F2C	#1F0C24	#250A18	#240D0B	#211003	#001B07	#00191B	#03142F
gauge.foreground	#6C5CE7	#9B48CA	#C23899	#D03B49	#BB5B00	#00874C	#00828D	#0074E0
gauge.border	#352A5E	#47244F	#52213A	#502622	#4B2C10	#00401A	#003D40	#123363
gauge.warningBackground	#ECC40055	#F0C10055	#CFCE1855	#CFCE1855	#ECC40055	#F4BF0055	#CFCE1855	#FCB90055
gauge.warningForeground	#ECC400	#F0C100	#CFCE18	#CFCE18	#ECC400	#F4BF00	#CFCE18	#FCB900
gauge.errorBackground	#F84A5455	#FB4F4355	#F84A5455	#F94C4C55	#F84A5455	#F84A5455	#F7495955	#F94C4C55
gauge.errorForeground	#F84A54	#FB4F43	#F84A54	#F94C4C	#F84A54	#F84A54	#F74959	#F94C4C
settings.headerForeground	#ADA7C9	#BBA3BE	#C4A1AF	#CBA8A2	#D4BCA8	#9CBEA5	#84B7BC	#9BADCC
settings.settingsHeaderHoverForeground	#9993B8	#A88EAC	#B28C9C	#B8938D	#C1A791	#86AB90	#6BA4A9	#859ABB
settings.headerBorder	#150F2C	#1F0C24	#250A18	#240D0B	#211003	#001B07	#00191B	#03142F
settings.sashBorder	#150F2C	#1F0C24	#250A18	#240D0B	#211003	#001B07	#00191B	#03142F
settings.modifiedItemIndicator	#5CB3FF	#76AEFF	#41B7FE	#6DB1FB	#63B3FB	#55B4FF	#70AFFF	#00C1E0
settings.rowHoverBackground	#1C144066	#2B0F3466	#340B2466	#34100F66	#30150166	#00250766	#00232366	#001C3F66
settings.focusedRowBackground	#1C1440AA	#2B0F34AA	#340B24AA	#34100FAA	#301501AA	#002507AA	#002323AA	#001C3FAA
settings.focusedRowBorder	#6C5CE7	#9B48CA	#C23899	#D03B49	#BB5B00	#00874C	#00828D	#0074E0
settings.dropdownBackground	#0A0716	#100611	#13050B	#120605	#100802	#000E04	#000D0E	#030918
settings.dropdownForeground	#9993B8	#A88EAC	#B28C9C	#B8938D	#C1A791	#86AB90	#6BA4A9	#859ABB
settings.dropdownBorder	#352A5E	#47244F	#52213A	#502622	#4B2C10	#00401A	#003D40	#123363
settings.dropdownListBorder	#4B3E91	#67327E	#7F2B60	#862E2F	#793F0A	#005735	#00555E	#1D4B8F
settings.checkboxBackground	#0A0716	#100611	#13050B	#120605	#100802	#000E04	#000D0E	#030918
settings.checkboxForeground	#9993B8	#A88EAC	#B28C9C	#B8938D	#C1A791	#86AB90	#6BA4A9	#859ABB
settings.checkboxBorder	#352A5E	#47244F	#52213A	#502622	#4B2C10	#00401A	#003D40	#123363
settings.textInputBackground	#0A0716	#100611	#13050B	#120605	#100802	#000E04	#000D0E	#030918
settings.textInputForeground	#9993B8	#A88EAC	#B28C9C	#B8938D	#C1A791	#86AB90	#6BA4A9	#859ABB
settings.textInputBorder	#352A5E	#47244F	#52213A	#502622	#4B2C10	#00401A	#003D40	#123363
settings.numberInputBackground	#0A0716	#100611	#13050B	#120605	#100802	#000E04	#000D0E	#030918
settings.numberInputForeground	#9993B8	#A88EAC	#B28C9C	#B8938D	#C1A791	#86AB90	#6BA4A9	#859ABB
settings.numberInputBorder	#352A5E	#47244F	#52213A	#502622	#4B2C10	#00401A	#003D40	#123363
welcomePage.tileBackground	#0A0716	#100611	#13050B	#120605	#100802	#000E04	#000D0E	#030918
welcomePage.tileHoverBackground	#1C1440	#2B0F34	#340B24	#34100F	#301501	#002507	#002323	#001C3F
welcomePage.tileBorder	#150F2C	#1F0C24	#250A18	#240D0B	#211003	#001B07	#00191B	#03142F
welcomePage.progress.background	#0A0716	#100611	#13050B	#120605	#100802	#000E04	#000D0E	#030918
welcomePage.progress.foreground	#6C5CE7	#9B48CA	#C23899	#D03B49	#BB5B00	#00874C	#00828D	#0074E0
walkThrough.embeddedEditorBackground	#020108	#040105	#050002	#050101	#040100	#000300	#000303	#000209
walkthrough.stepTitle.foreground	#ADA7C9	#BBA3BE	#C4A1AF	#CBA8A2	#D4BCA8	#9CBEA5	#84B7BC	#9BADCC
notebook.editorBackground	#020108	#040105	#050002	#050101	#040100	#000300	#000303	#000209
notebook.cellEditorBackground	#040208	#060205	#070203	#070201	#050301	#000502	#000405	#02030A
notebook.cellBorderColor	#150F2C	#1F0C24	#250A18	#240D0B	#211003	#001B07	#00191B	#03142F
notebook.cellToolbarSeparator	#150F2C	#1F0C24	#250A18	#240D0B	#211003	#001B07	#00191B	#03142F
notebook.cellStatusBarItemHoverBackground	#352A5E55	#47244F55	#52213A55	#50262255	#4B2C1055	#00401A55	#003D4055	#12336355
notebook.cellInsertionIndicator	#6C5CE7	#9B48CA	#C23899	#D03B49	#BB5B00	#00874C	#00828D	#0074E0
notebook.focusedCellBorder	#6C5CE7	#9B48CA	#C23899	#D03B49	#BB5B00	#00874C	#00828D	#0074E0
notebook.focusedEditorBorder	#6C5CE7	#9B48CA	#C23899	#D03B49	#BB5B00	#00874C	#00828D	#0074E0
notebook.inactiveFocusedCellBorder	#150F2C	#1F0C24	#250A18	#240D0B	#211003	#001B07	#00191B	#03142F
notebook.selectedCellBackground	#0B0716	#100611	#13050B	#120605	#100802	#000E04	#000D0F	#040918
notebook.selectedCellBorder	#150F2C	#1F0C24	#250A18	#240D0B	#211003	#001B07	#00191B	#03142F
notebook.symbolHighlightBackground	#1C144055	#2B0F3455	#340B2455	#34100F55	#30150155	#00250755	#00232355	#001C3F55
notebookScrollbarSlider.background	#4B3E9155	#67327E55	#7F2B6055	#862E2F55	#793F0A55	#00573555	#00555E55	#1D4B8F55
notebookScrollbarSlider.hoverBackground	#4B3E9188	#67327E88	#7F2B6088	#862E2F88	#793F0A88	#00573588	#00555E88	#1D4B8F88
notebookScrollbarSlider.activeBackground	#6C5CE7AA	#9B48CAAA	#C23899AA	#D03B49AA	#BB5B00AA	#00874CAA	#00828DAA	#0074E0AA
notebookStatusSuccessIcon.foreground	#8FD19E	#9AD29B	#74CEA9	#79CBAF	#90D0A1	#BBD887	#AAD692	#93D29B
notebookStatusRunningIcon.foreground	#9993B8	#A88EAC	#B28C9C	#B8938D	#C1A791	#86AB90	#6BA4A9	#859ABB
notebookStatusErrorIcon.foreground	#F84A54	#FB4F43	#F84A54	#F94C4C	#F84A54	#F84A54	#F74959	#F94C4C
notebookEditorOverviewRuler.runningCellForeground	#8FD19E	#9AD29B	#74CEA9	#79CBAF	#90D0A1	#BBD887	#AAD692	#93D29B
terminal.background	#020108	#040105	#050002	#050101	#040100	#000300	#000303	#000209
terminal.foreground	#9993B8	#A88EAC	#B28C9C	#B8938D	#C1A791	#86AB90	#6BA4A9	#859ABB
terminal.ansiBlack	#050310	#09020C	#0C0206	#0C0302	#0A0300	#000701	#000707	#010512
terminal.ansiRed	#F84A54	#FB4F43	#F84A54	#F94C4C	#F84A54	#F84A54	#F74959	#F94C4C
terminal.ansiGreen	#8FD19E	#9AD29B	#74CEA9	#79CBAF	#90D0A1	#BBD887	#AAD692	#93D29B
terminal.ansiYellow	#ECC400	#F0C100	#CFCE18	#CFCE18	#ECC400	#F4BF00	#CFCE18	#FCB900
terminal.ansiBlue	#5CB3FF	#76AEFF	#41B7FE	#6DB1FB	#63B3FB	#55B4FF	#70AFFF	#00C1E0
terminal.ansiMagenta	#FF6AC1	#CA89FF	#FF72B7	#DD92C9	#BE9DE5	#C794F3	#EF85C4	#C895EE
terminal.ansiCyan	#64D8CB	#62D6DC	#56D7E0	#6BD4E0	#69D7D0	#4AD9D9	#73DCB6	#66D9C4
terminal.ansiWhite	#9993B8	#A88EAC	#B28C9C	#B8938D	#C1A791	#86AB90	#6BA4A9	#859ABB
terminal.ansiBrightBlack	#6E6795	#816287	#8C6074	#8F625B	#8D6D53	#4E7B59	#2A7B80	#567098
terminal.ansiBrightRed	#FF898B	#FF8D84	#FF898B	#FF8B87	#FF898B	#FF898B	#FF888D	#FF8B87
terminal.ansiBrightGreen	#A6E6B4	#B1E8B1	#8DE3BE	#91E0C4	#A7E5B6	#D0EE9F	#C0EBA9	#AAE7B2
terminal.ansiBrightYellow	#FFDF7B	#FFDE87	#ECE766	#ECE766	#FFDF7B	#FFDC90	#ECE766	#FFD99B
terminal.ansiBrightBlue	#8FCBFF	#9EC7FF	#83CEFE	#98C9FC	#93CAFC	#8BCCFF	#9AC8FF	#71D5EA
terminal.ansiBrightMagenta	#FF8FD1	#CFA3FF	#FF91C8	#EFABDC	#D4B3FB	#D9AFFF	#FAA5D5	#DAB0FB
terminal.ansiBrightCyan	#8FEDE0	#8DEBEF	#86ECF3	#93EAF2	#92ECE4	#7FEEED	#9BF1CE	#91EEDA
terminal.ansiBrightWhite	#EDEAF7	#F2E8F2	#F6E8EC	#FDF0ED	#FFFBF7	#E9F7EE	#DEF0F3	#E6ECF8
terminal.border	#150F2C	#1F0C24	#250A18	#240D0B	#211003	#001B07	#00191B	#03142F
terminal.selectionBackground	#241A52	#371344	#420F2F	#421515	#3D1C00	#003009	#002D2D	#00254E
terminal.inactiveSelectionBackground	#150F2C	#1F0C24	#250A18	#240D0B	#211003	#001B07	#00191B	#03142F
terminal.findMatchBackground	#6C5CE766	#9B48CA66	#C2389966	#D03B4966	#BB5B0066	#00874C66	#00828D66	#0074E066
terminal.findMatchBorder	#6C5CE7	#9B48CA	#C23899	#D03B49	#BB5B00	#00874C	#00828D	#0074E0
terminal.findMatchHighlightBackground	#4B3E9155	#67327E55	#7F2B6055	#862E2F55	#793F0A55	#00573555	#00555E55	#1D4B8F55
terminal.hoverHighlightBackground	#1C144066	#2B0F3466	#340B2466	#34100F66	#30150166	#00250766	#00232366	#001C3F66
terminal.dropBackground	#6C5CE755	#9B48CA55	#C2389955	#D03B4955	#BB5B0055	#00874C55	#00828D55	#0074E055
terminal.tab.activeBorder	#6C5CE7	#9B48CA	#C23899	#D03B49	#BB5B00	#00874C	#00828D	#0074E0
terminal.initialHintForeground	#6E6795	#816287	#8C6074	#8F625B	#8D6D53	#4E7B59	#2A7B80	#567098
terminalCursor.foreground	#B39DDB	#CA96C4	#D694A7	#DEA18F	#E0BA8E	#75C29A	#51BBCD	#92A8E4
terminalCursor.background	#020108	#040105	#050002	#050101	#040100	#000300	#000303	#000209
terminalCommandDecoration.defaultBackground	#6E6795	#816287	#8C6074	#8F625B	#8D6D53	#4E7B59	#2A7B80	#567098
terminalCommandDecoration.successBackground	#8FD19E	#9AD29B	#74CEA9	#79CBAF	#90D0A1	#BBD887	#AAD692	#93D29B
terminalCommandDecoration.errorBackground	#F84A54	#FB4F43	#F84A54	#F94C4C	#F84A54	#F84A54	#F74959	#F94C4C
terminalCommandGuide.foreground	#352A5E	#47244F	#52213A	#502622	#4B2C10	#00401A	#003D40	#123363
terminalOverviewRuler.border	#030209	#050206	#070103	#070201	#060201	#000401	#000404	#01030A
terminalOverviewRuler.cursorForeground	#B39DDB99	#CA96C499	#D694A799	#DEA18F99	#E0BA8E99	#75C29A99	#51BBCD99	#92A8E499
terminalOverviewRuler.findMatchForeground	#6C5CE799	#9B48CA99	#C2389999	#D03B4999	#BB5B0099	#00874C99	#00828D99	#0074E099
terminalStickyScroll.background	#0A0716	#100611	#13050B	#120605	#100802	#000E04	#000D0E	#030918
terminalStickyScroll.border	#150F2C	#1F0C24	#250A18	#240D0B	#211003	#001B07	#00191B	#03142F
terminalStickyScrollHover.background	#1C144066	#2B0F3466	#340B2466	#34100F66	#30150166	#00250766	#00232366	#001C3F66
terminalSymbolIcon.inlineSuggestionForeground	#6E6795	#816287	#8C6074	#8F625B	#8D6D53	#4E7B59	#2A7B80	#567098
ports.iconRunningProcessForeground	#8FD19E	#9AD29B	#74CEA9	#79CBAF	#90D0A1	#BBD887	#AAD692	#93D29B
diffEditor.insertedTextBackground	#8FD19E22	#9AD29B22	#74CEA922	#79CBAF22	#90D0A122	#BBD88722	#AAD69222	#93D29B22
diffEditor.removedTextBackground	#F84A5422	#FB4F4322	#F84A5422	#F94C4C22	#F84A5422	#F84A5422	#F7495922	#F94C4C22
gitDecoration.modifiedResourceForeground	#5CB3FF	#76AEFF	#41B7FE	#6DB1FB	#63B3FB	#55B4FF	#70AFFF	#00C1E0
gitDecoration.addedResourceForeground	#8FD19E	#9AD29B	#74CEA9	#79CBAF	#90D0A1	#BBD887	#AAD692	#93D29B
gitDecoration.deletedResourceForeground	#F84A54	#FB4F43	#F84A54	#F94C4C	#F84A54	#F84A54	#F74959	#F94C4C
gitDecoration.untrackedResourceForeground	#8FD19E	#9AD29B	#74CEA9	#79CBAF	#90D0A1	#BBD887	#AAD692	#93D29B
gitDecoration.stageModifiedResourceForeground	#5CB3FF	#76AEFF	#41B7FE	#6DB1FB	#63B3FB	#55B4FF	#70AFFF	#00C1E0
gitDecoration.stageDeletedResourceForeground	#F84A54	#FB4F43	#F84A54	#F94C4C	#F84A54	#F84A54	#F74959	#F94C4C
gitDecoration.renamedResourceForeground	#5CB3FF	#76AEFF	#41B7FE	#6DB1FB	#63B3FB	#55B4FF	#70AFFF	#00C1E0
gitDecoration.conflictingResourceForeground	#ECC400	#F0C100	#CFCE18	#CFCE18	#ECC400	#F4BF00	#CFCE18	#FCB900
gitDecoration.ignoredResourceForeground	#6E6795	#816287	#8C6074	#8F625B	#8D6D53	#4E7B59	#2A7B80	#567098
gitDecoration.submoduleResourceForeground	#9993B8	#A88EAC	#B28C9C	#B8938D	#C1A791	#86AB90	#6BA4A9	#859ABB
git.blame.editorDecorationForeground	#6E6795	#816287	#8C6074	#8F625B	#8D6D53	#4E7B59	#2A7B80	#567098
editorGutter.modifiedSecondaryBackground	#5CB3FFAA	#76AEFFAA	#41B7FEAA	#6DB1FBAA	#63B3FBAA	#55B4FFAA	#70AFFFAA	#00C1E0AA
editorGutter.addedSecondaryBackground	#8FD19EAA	#9AD29BAA	#74CEA9AA	#79CBAFAA	#90D0A1AA	#BBD887AA	#AAD692AA	#93D29BAA
editorGutter.deletedSecondaryBackground	#F84A54AA	#FB4F43AA	#F84A54AA	#F94C4CAA	#F84A54AA	#F84A54AA	#F74959AA	#F94C4CAA
minimapGutter.modifiedBackground	#5CB3FF	#76AEFF	#41B7FE	#6DB1FB	#63B3FB	#55B4FF	#70AFFF	#00C1E0
minimapGutter.addedBackground	#8FD19E	#9AD29B	#74CEA9	#79CBAF	#90D0A1	#BBD887	#AAD692	#93D29B
minimapGutter.deletedBackground	#F84A54	#FB4F43	#F84A54	#F94C4C	#F84A54	#F84A54	#F74959	#F94C4C
editorOverviewRuler.modifiedForeground	#5CB3FF	#76AEFF	#41B7FE	#6DB1FB	#63B3FB	#55B4FF	#70AFFF	#00C1E0
editorOverviewRuler.addedForeground	#8FD19E	#9AD29B	#74CEA9	#79CBAF	#90D0A1	#BBD887	#AAD692	#93D29B
editorOverviewRuler.deletedForeground	#F84A54	#FB4F43	#F84A54	#F94C4C	#F84A54	#F84A54	#F74959	#F94C4C
diffEditor.insertedLineBackground	#8FD19E11	#9AD29B11	#74CEA911	#79CBAF11	#90D0A111	#BBD88711	#AAD69211	#93D29B11
diffEditor.removedLineBackground	#F84A5411	#FB4F4311	#F84A5411	#F94C4C11	#F84A5411	#F84A5411	#F7495911	#F94C4C11
diffEditorGutter.insertedLineBackground	#8FD19E11	#9AD29B11	#74CEA911	#79CBAF11	#90D0A111	#BBD88711	#AAD69211	#93D29B11
diffEditorGutter.removedLineBackground	#F84A5411	#FB4F4311	#F84A5411	#F94C4C11	#F84A5411	#F84A5411	#F7495911	#F94C4C11
diffEditorOverview.insertedForeground	#8FD19E	#9AD29B	#74CEA9	#79CBAF	#90D0A1	#BBD887	#AAD692	#93D29B
diffEditorOverview.removedForeground	#F84A54	#FB4F43	#F84A54	#F94C4C	#F84A54	#F84A54	#F74959	#F94C4C
diffEditor.border	#150F2C	#1F0C24	#250A18	#240D0B	#211003	#001B07	#00191B	#03142F
diffEditor.diagonalFill	#150F2C	#1F0C24	#250A18	#240D0B	#211003	#001B07	#00191B	#03142F
diffEditor.unchangedRegionBackground	#0A0716	#100611	#13050B	#120605	#100802	#000E04	#000D0E	#030918
diffEditor.unchangedRegionForeground	#8B85A8	#99819C	#A27F8D	#A9857F	#B19984	#799C82	#5F959A	#788BAB
diffEditor.unchangedRegionShadow	#020108AA	#040105AA	#050002AA	#050101AA	#040100AA	#000300AA	#000303AA	#000209AA
diffEditor.unchangedCodeBackground	#1C144055	#2B0F3455	#340B2455	#34100F55	#30150155	#00250755	#00232355	#001C3F55
diffEditor.move.border	#352A5E	#47244F	#52213A	#502622	#4B2C10	#00401A	#003D40	#123363
diffEditor.moveActive.border	#5CB3FF	#76AEFF	#41B7FE	#6DB1FB	#63B3FB	#55B4FF	#70AFFF	#00C1E0
multiDiffEditor.background	#020108	#040105	#050002	#050101	#040100	#000300	#000303	#000209
multiDiffEditor.headerBackground	#0A0716	#100611	#13050B	#120605	#100802	#000E04	#000D0E	#030918
multiDiffEditor.border	#150F2C	#1F0C24	#250A18	#240D0B	#211003	#001B07	#00191B	#03142F
merge.currentHeaderBackground	#64D8CB33	#62D6DC33	#56D7E033	#6BD4E033	#69D7D033	#4AD9D933	#73DCB633	#66D9C433
merge.currentContentBackground	#64D8CB22	#62D6DC22	#56D7E022	#6BD4E022	#69D7D022	#4AD9D922	#73DCB622	#66D9C422
merge.incomingHeaderBackground	#BB9AF733	#CA89FF33	#BD9BEF33	#DD92C933	#BE9DE533	#C794F333	#EF85C433	#C895EE33
merge.incomingContentBackground	#BB9AF722	#CA89FF22	#BD9BEF22	#DD92C922	#BE9DE522	#C794F322	#EF85C422	#C895EE22
merge.commonHeaderBackground	#6E679533	#81628733	#8C607433	#8F625B33	#8D6D5333	#4E7B5933	#2A7B8033	#56709833
merge.commonContentBackground	#6E679522	#81628722	#8C607422	#8F625B22	#8D6D5322	#4E7B5922	#2A7B8022	#56709822
editorOverviewRuler.currentContentForeground	#64D8CB	#62D6DC	#56D7E0	#6BD4E0	#69D7D0	#4AD9D9	#73DCB6	#66D9C4
editorOverviewRuler.incomingContentForeground	#BB9AF7	#CA89FF	#BD9BEF	#DD92C9	#BE9DE5	#C794F3	#EF85C4	#C895EE
editorOverviewRuler.commonContentForeground	#6E6795	#816287	#8C6074	#8F625B	#8D6D53	#4E7B59	#2A7B80	#567098
mergeEditor.change.background	#8FD19E11	#9AD29B11	#74CEA911	#79CBAF11	#90D0A111	#BBD88711	#AAD69211	#93D29B11
mergeEditor.change.word.background	#8FD19E22	#9AD29B22	#74CEA922	#79CBAF22	#90D0A122	#BBD88722	#AAD69222	#93D29B22
mergeEditor.changeBase.background	#F84A5411	#FB4F4311	#F84A5411	#F94C4C11	#F84A5411	#F84A5411	#F7495911	#F94C4C11
mergeEditor.changeBase.word.background	#F84A5422	#FB4F4322	#F84A5422	#F94C4C22	#F84A5422	#F84A5422	#F7495922	#F94C4C22
mergeEditor.conflict.input1.background	#64D8CB22	#62D6DC22	#56D7E022	#6BD4E022	#69D7D022	#4AD9D922	#73DCB622	#66D9C422
mergeEditor.conflict.input2.background	#BB9AF722	#CA89FF22	#BD9BEF22	#DD92C922	#BE9DE522	#C794F322	#EF85C422	#C895EE22
mergeEditor.conflictingLines.background	#ECC40022	#F0C10022	#CFCE1822	#CFCE1822	#ECC40022	#F4BF0022	#CFCE1822	#FCB90022
mergeEditor.conflict.unhandledFocused.border	#ECC400	#F0C100	#CFCE18	#CFCE18	#ECC400	#F4BF00	#CFCE18	#FCB900
mergeEditor.conflict.unhandledUnfocused.border	#ECC40099	#F0C10099	#CFCE1899	#CFCE1899	#ECC40099	#F4BF0099	#CFCE1899	#FCB90099
mergeEditor.conflict.handledFocused.border	#6E6795	#816287	#8C6074	#8F625B	#8D6D53	#4E7B59	#2A7B80	#567098
mergeEditor.conflict.handledUnfocused.border	#352A5E	#47244F	#52213A	#502622	#4B2C10	#00401A	#003D40	#123363
mergeEditor.conflict.unhandled.minimapOverViewRuler	#ECC400	#F0C100	#CFCE18	#CFCE18	#ECC400	#F4BF00	#CFCE18	#FCB900
mergeEditor.conflict.handled.minimapOverViewRuler	#6E6795	#816287	#8C6074	#8F625B	#8D6D53	#4E7B59	#2A7B80	#567098
scmGraph.foreground1	#64D8CB	#62D6DC	#56D7E0	#6BD4E0	#69D7D0	#4AD9D9	#73DCB6	#66D9C4
scmGraph.foreground2	#ECC400	#F0C100	#CFCE18	#CFCE18	#ECC400	#F4BF00	#CFCE18	#FCB900
scmGraph.foreground3	#5CB3FF	#76AEFF	#41B7FE	#6DB1FB	#63B3FB	#55B4FF	#70AFFF	#00C1E0
scmGraph.foreground4	#FFAB70	#FC9C7F	#FFA872	#F9B673	#FF9C3E	#FC9888	#FDB376	#FBAB7E
scmGraph.foreground5	#BB9AF7	#CA89FF	#BD9BEF	#DD92C9	#BE9DE5	#C794F3	#EF85C4	#C895EE
scmGraph.historyItemRefColor	#6C5CE7	#9B48CA	#C23899	#D03B49	#BB5B00	#00874C	#00828D	#0074E0
scmGraph.historyItemRemoteRefColor	#BB9AF7	#CA89FF	#BD9BEF	#DD92C9	#BE9DE5	#C794F3	#EF85C4	#C895EE
scmGraph.historyItemBaseRefColor	#FFAB70	#FC9C7F	#FFA872	#F9B673	#FF9C3E	#FC9888	#FDB376	#FBAB7E
scmGraph.historyItemHoverLabelForeground	#040208	#060205	#070203	#070201	#050301	#000502	#000405	#02030A
scmGraph.historyItemHoverDefaultLabelForeground	#FFFFFF	#FFFFFF	#FFFFFF	#FFFFFF	#FFFFFF	#FFFFFF	#FFFFFF	#FFFFFF
scmGraph.historyItemHoverDefaultLabelBackground	#4B3E91	#67327E	#7F2B60	#862E2F	#793F0A	#005735	#00555E	#1D4B8F
scmGraph.historyItemHoverAdditionsForeground	#8FD19E	#9AD29B	#74CEA9	#79CBAF	#90D0A1	#BBD887	#AAD692	#93D29B
scmGraph.historyItemHoverDeletionsForeground	#F84A54	#FB4F43	#F84A54	#F94C4C	#F84A54	#F84A54	#F74959	#F94C4C
editorCommentsWidget.unresolvedBorder	#5CB3FF	#76AEFF	#41B7FE	#6DB1FB	#63B3FB	#55B4FF	#70AFFF	#00C1E0
editorCommentsWidget.resolvedBorder	#352A5E	#47244F	#52213A	#502622	#4B2C10	#00401A	#003D40	#123363
editorCommentsWidget.rangeBackground	#5CB3FF22	#76AEFF22	#41B7FE22	#6DB1FB22	#63B3FB22	#55B4FF22	#70AFFF22	#00C1E022
editorCommentsWidget.rangeActiveBackground	#5CB3FF33	#76AEFF33	#41B7FE33	#6DB1FB33	#63B3FB33	#55B4FF33	#70AFFF33	#00C1E033
editorCommentsWidget.replyInputBackground	#0A0716	#100611	#13050B	#120605	#100802	#000E04	#000D0E	#030918
editorGutter.commentRangeForeground	#352A5E	#47244F	#52213A	#502622	#4B2C10	#00401A	#003D40	#123363
editorGutter.commentGlyphForeground	#6E6795	#816287	#8C6074	#8F625B	#8D6D53	#4E7B59	#2A7B80	#567098
editorGutter.commentUnresolvedGlyphForeground	#5CB3FF	#76AEFF	#41B7FE	#6DB1FB	#63B3FB	#55B4FF	#70AFFF	#00C1E0
editorGutter.commentDraftGlyphForeground	#ECC400	#F0C100	#CFCE18	#CFCE18	#ECC400	#F4BF00	#CFCE18	#FCB900
editorOverviewRuler.commentForeground	#6E6795	#816287	#8C6074	#8F625B	#8D6D53	#4E7B59	#2A7B80	#567098
editorOverviewRuler.commentUnresolvedForeground	#5CB3FF	#76AEFF	#41B7FE	#6DB1FB	#63B3FB	#55B4FF	#70AFFF	#00C1E0
editorOverviewRuler.commentDraftForeground	#ECC400	#F0C100	#CFCE18	#CFCE18	#ECC400	#F4BF00	#CFCE18	#FCB900
commentsView.resolvedIcon	#6E6795	#816287	#8C6074	#8F625B	#8D6D53	#4E7B59	#2A7B80	#567098
commentsView.unresolvedIcon	#5CB3FF	#76AEFF	#41B7FE	#6DB1FB	#63B3FB	#55B4FF	#70AFFF	#00C1E0
chat.requestBackground	#040208	#060205	#070203	#070201	#050301	#000502	#000405	#02030A
chat.requestBorder	#150F2C	#1F0C24	#250A18	#240D0B	#211003	#001B07	#00191B	#03142F
chat.requestBubbleBackground	#241A5255	#37134455	#420F2F55	#42151555	#3D1C0055	#00300955	#002D2D55	#00254E55
chat.requestBubbleHoverBackground	#241A5299	#37134499	#420F2F99	#42151599	#3D1C0099	#00300999	#002D2D99	#00254E99
chat.requestCodeBorder	#352A5E	#47244F	#52213A	#502622	#4B2C10	#00401A	#003D40	#123363
chat.slashCommandBackground	#6C5CE733	#9B48CA33	#C2389933	#D03B4933	#BB5B0033	#00874C33	#00828D33	#0074E033
chat.slashCommandForeground	#ADA7C9	#BBA3BE	#C4A1AF	#CBA8A2	#D4BCA8	#9CBEA5	#84B7BC	#9BADCC
chat.avatarBackground	#4B3E91	#67327E	#7F2B60	#862E2F	#793F0A	#005735	#00555E	#1D4B8F
chat.avatarForeground	#FFFFFF	#FFFFFF	#FFFFFF	#FFFFFF	#FFFFFF	#FFFFFF	#FFFFFF	#FFFFFF
chat.editedFileForeground	#5CB3FF	#76AEFF	#41B7FE	#6DB1FB	#63B3FB	#55B4FF	#70AFFF	#00C1E0
chat.linesAddedForeground	#8FD19E	#9AD29B	#74CEA9	#79CBAF	#90D0A1	#BBD887	#AAD692	#93D29B
chat.linesRemovedForeground	#F84A54	#FB4F43	#F84A54	#F94C4C	#F84A54	#F84A54	#F74959	#F94C4C
chat.checkpointSeparator	#352A5E	#47244F	#52213A	#502622	#4B2C10	#00401A	#003D40	#123363
chat.thinkingShimmer	#EDEAF7	#F2E8F2	#F6E8EC	#FDF0ED	#FFFBF7	#E9F7EE	#DEF0F3	#E6ECF8
chat.inputWorkingBorderColor1	#6C5CE7	#9B48CA	#C23899	#D03B49	#BB5B00	#00874C	#00828D	#0074E0
chat.sessionStateIndicator.inProgressBorder	#6C5CE7	#9B48CA	#C23899	#D03B49	#BB5B00	#00874C	#00828D	#0074E0
chat.sessionStateIndicator.unvisitedBorder	#8FD19E	#9AD29B	#74CEA9	#79CBAF	#90D0A1	#BBD887	#AAD692	#93D29B
chat.sessionStateIndicator.needsInputBorder	#ECC400	#F0C100	#CFCE18	#CFCE18	#ECC400	#F4BF00	#CFCE18	#FCB900
chat.findMatchBackground	#6C5CE766	#9B48CA66	#C2389966	#D03B4966	#BB5B0066	#00874C66	#00828D66	#0074E066
chat.findMatchHighlightBackground	#4B3E9155	#67327E55	#7F2B6055	#862E2F55	#793F0A55	#00573555	#00555E55	#1D4B8F55
chatManagement.sashBorder	#150F2C	#1F0C24	#250A18	#240D0B	#211003	#001B07	#00191B	#03142F
aiCustomizationManagement.sashBorder	#150F2C	#1F0C24	#250A18	#240D0B	#211003	#001B07	#00191B	#03142F
interactive.activeCodeBorder	#6C5CE7	#9B48CA	#C23899	#D03B49	#BB5B00	#00874C	#00828D	#0074E0
interactive.inactiveCodeBorder	#150F2C	#1F0C24	#250A18	#240D0B	#211003	#001B07	#00191B	#03142F
inlineChat.background	#0A0716	#100611	#13050B	#120605	#100802	#000E04	#000D0E	#030918
inlineChat.foreground	#9993B8	#A88EAC	#B28C9C	#B8938D	#C1A791	#86AB90	#6BA4A9	#859ABB
inlineChat.border	#4B3E91	#67327E	#7F2B60	#862E2F	#793F0A	#005735	#00555E	#1D4B8F
inlineChat.shadow	#020108AA	#040105AA	#050002AA	#050101AA	#040100AA	#000300AA	#000303AA	#000209AA
inlineChatInput.background	#0A0716	#100611	#13050B	#120605	#100802	#000E04	#000D0E	#030918
inlineChatInput.border	#352A5E	#47244F	#52213A	#502622	#4B2C10	#00401A	#003D40	#123363
inlineChatInput.focusBorder	#6C5CE7	#9B48CA	#C23899	#D03B49	#BB5B00	#00874C	#00828D	#0074E0
inlineChatInput.placeholderForeground	#6E6795	#816287	#8C6074	#8F625B	#8D6D53	#4E7B59	#2A7B80	#567098
inlineChatDiff.inserted	#8FD19E22	#9AD29B22	#74CEA922	#79CBAF22	#90D0A122	#BBD88722	#AAD69222	#93D29B22
inlineChatDiff.removed	#F84A5422	#FB4F4322	#F84A5422	#F94C4C22	#F84A5422	#F84A5422	#F7495922	#F94C4C22
editorOverviewRuler.inlineChatInserted	#8FD19E	#9AD29B	#74CEA9	#79CBAF	#90D0A1	#BBD887	#AAD692	#93D29B
editorOverviewRuler.inlineChatRemoved	#F84A54	#FB4F43	#F84A54	#F94C4C	#F84A54	#F84A54	#F74959	#F94C4C
editorMinimap.inlineChatInserted	#8FD19E	#9AD29B	#74CEA9	#79CBAF	#90D0A1	#BBD887	#AAD692	#93D29B
minimap.chatEditHighlight	#6C5CE755	#9B48CA55	#C2389955	#D03B4955	#BB5B0055	#00874C55	#00828D55	#0074E055
inlineEdit.originalBackground	#F84A5411	#FB4F4311	#F84A5411	#F94C4C11	#F84A5411	#F84A5411	#F7495911	#F94C4C11
inlineEdit.modifiedBackground	#8FD19E11	#9AD29B11	#74CEA911	#79CBAF11	#90D0A111	#BBD88711	#AAD69211	#93D29B11
inlineEdit.originalChangedLineBackground	#F84A5411	#FB4F4311	#F84A5411	#F94C4C11	#F84A5411	#F84A5411	#F7495911	#F94C4C11
inlineEdit.originalChangedTextBackground	#F84A5411	#FB4F4311	#F84A5411	#F94C4C11	#F84A5411	#F84A5411	#F7495911	#F94C4C11
inlineEdit.modifiedChangedLineBackground	#8FD19E11	#9AD29B11	#74CEA911	#79CBAF11	#90D0A111	#BBD88711	#AAD69211	#93D29B11
inlineEdit.modifiedChangedTextBackground	#8FD19E11	#9AD29B11	#74CEA911	#79CBAF11	#90D0A111	#BBD88711	#AAD69211	#93D29B11
inlineEdit.originalBorder	#F84A54	#FB4F43	#F84A54	#F94C4C	#F84A54	#F84A54	#F74959	#F94C4C
inlineEdit.modifiedBorder	#8FD19E	#9AD29B	#74CEA9	#79CBAF	#90D0A1	#BBD887	#AAD692	#93D29B
inlineEdit.tabWillAcceptOriginalBorder	#F84A54	#FB4F43	#F84A54	#F94C4C	#F84A54	#F84A54	#F74959	#F94C4C
inlineEdit.tabWillAcceptModifiedBorder	#8FD19E	#9AD29B	#74CEA9	#79CBAF	#90D0A1	#BBD887	#AAD692	#93D29B
inlineEdit.gutterIndicator.background	#02010880	#04010580	#05000280	#05010180	#04010080	#00030080	#00030380	#00020980
inlineEdit.gutterIndicator.primaryBackground	#6C5CE766	#9B48CA66	#C2389966	#D03B4966	#BB5B0066	#00874C66	#00828D66	#0074E066
inlineEdit.gutterIndicator.primaryBorder	#6C5CE7	#9B48CA	#C23899	#D03B49	#BB5B00	#00874C	#00828D	#0074E0
inlineEdit.gutterIndicator.primaryForeground	#FFFFFF	#FFFFFF	#FFFFFF	#FFFFFF	#FFFFFF	#FFFFFF	#FFFFFF	#FFFFFF
inlineEdit.gutterIndicator.secondaryBackground	#0A0716	#100611	#13050B	#120605	#100802	#000E04	#000D0E	#030918
inlineEdit.gutterIndicator.secondaryBorder	#4B3E91	#67327E	#7F2B60	#862E2F	#793F0A	#005735	#00555E	#1D4B8F
inlineEdit.gutterIndicator.secondaryForeground	#9993B8	#A88EAC	#B28C9C	#B8938D	#C1A791	#86AB90	#6BA4A9	#859ABB
inlineEdit.gutterIndicator.successfulBackground	#6C5CE7	#9B48CA	#C23899	#D03B49	#BB5B00	#00874C	#00828D	#0074E0
inlineEdit.gutterIndicator.successfulBorder	#6C5CE7	#9B48CA	#C23899	#D03B49	#BB5B00	#00874C	#00828D	#0074E0
inlineEdit.gutterIndicator.successfulForeground	#FFFFFF	#FFFFFF	#FFFFFF	#FFFFFF	#FFFFFF	#FFFFFF	#FFFFFF	#FFFFFF
agents.background	#020108	#040105	#050002	#050101	#040100	#000300	#000303	#000209
agentsGradient.tintColor	#4B3E91	#67327E	#7F2B60	#862E2F	#793F0A	#005735	#00555E	#1D4B8F
agentsPanel.background	#040208	#060205	#070203	#070201	#050301	#000502	#000405	#02030A
agentsPanel.foreground	#8B85A8	#99819C	#A27F8D	#A9857F	#B19984	#799C82	#5F959A	#788BAB
agentsPanel.border	#150F2C	#1F0C24	#250A18	#240D0B	#211003	#001B07	#00191B	#03142F
agentsCard.border	#150F2C	#1F0C24	#250A18	#240D0B	#211003	#001B07	#00191B	#03142F
agentsBottomPanel.border	#150F2C	#1F0C24	#250A18	#240D0B	#211003	#001B07	#00191B	#03142F
activeSessionView.background	#040208	#060205	#070203	#070201	#050301	#000502	#000405	#02030A
activeSessionView.foreground	#9993B8	#A88EAC	#B28C9C	#B8938D	#C1A791	#86AB90	#6BA4A9	#859ABB
inactiveSessionView.background	#020108	#040105	#050002	#050101	#040100	#000300	#000303	#000209
inactiveSessionView.foreground	#8B85A8	#99819C	#A27F8D	#A9857F	#B19984	#799C82	#5F959A	#788BAB
agentsChatInput.background	#0A0716	#100611	#13050B	#120605	#100802	#000E04	#000D0E	#030918
agentsChatInput.foreground	#9993B8	#A88EAC	#B28C9C	#B8938D	#C1A791	#86AB90	#6BA4A9	#859ABB
agentsChatInput.border	#352A5E	#47244F	#52213A	#502622	#4B2C10	#00401A	#003D40	#123363
agentsChatInput.focusBorder	#6C5CE7	#9B48CA	#C23899	#D03B49	#BB5B00	#00874C	#00828D	#0074E0
agentsChatInput.placeholderForeground	#6E6795	#816287	#8C6074	#8F625B	#8D6D53	#4E7B59	#2A7B80	#567098
agentsNewSessionButton.foreground	#9993B8	#A88EAC	#B28C9C	#B8938D	#C1A791	#86AB90	#6BA4A9	#859ABB
agentsNewSessionButton.border	#352A5E	#47244F	#52213A	#502622	#4B2C10	#00401A	#003D40	#123363
agentsNewSessionButton.hoverBackground	#352A5E55	#47244F55	#52213A55	#50262255	#4B2C1055	#00401A55	#003D4055	#12336355
agentsBadge.background	#4B3E91	#67327E	#7F2B60	#862E2F	#793F0A	#005735	#00555E	#1D4B8F
agentsBadge.foreground	#FFFFFF	#FFFFFF	#FFFFFF	#FFFFFF	#FFFFFF	#FFFFFF	#FFFFFF	#FFFFFF
agentsUnreadBadge.background	#6C5CE7	#9B48CA	#C23899	#D03B49	#BB5B00	#00874C	#00828D	#0074E0
agentsUnreadBadge.foreground	#FFFFFF	#FFFFFF	#FFFFFF	#FFFFFF	#FFFFFF	#FFFFFF	#FFFFFF	#FFFFFF
agentSessionReadIndicator.foreground	#5C5583	#6F5075	#7A4D62	#7C4F49	#745438	#356541	#00656A	#415C85
agentSessionSelectedBadge.border	#ADA7C955	#BBA3BE55	#C4A1AF55	#CBA8A255	#D4BCA855	#9CBEA555	#84B7BC55	#9BADCC55
agentSessionSelectedUnfocusedBadge.border	#9993B855	#A88EAC55	#B28C9C55	#B8938D55	#C1A79155	#86AB9055	#6BA4A955	#859ABB55
agentStatusIndicator.background	#0A0716	#100611	#13050B	#120605	#100802	#000E04	#000D0E	#030918
agentFeedbackEditorWidget.background	#0A0716	#100611	#13050B	#120605	#100802	#000E04	#000D0E	#030918
agentFeedbackEditorWidget.border	#4B3E91	#67327E	#7F2B60	#862E2F	#793F0A	#005735	#00555E	#1D4B8F
agentFeedbackInputWidget.border	#352A5E	#47244F	#52213A	#502622	#4B2C10	#00401A	#003D40	#123363
agentsUpdateButton.downloadingBackground	#6C5CE766	#9B48CA66	#C2389966	#D03B4966	#BB5B0066	#00874C66	#00828D66	#0074E066
agentsUpdateButton.downloadedBackground	#6C5CE7AA	#9B48CAAA	#C23899AA	#D03B49AA	#BB5B00AA	#00874CAA	#00828DAA	#0074E0AA
agentsMobileDiff.addedForeground	#8FD19E	#9AD29B	#74CEA9	#79CBAF	#90D0A1	#BBD887	#AAD692	#93D29B
agentsMobileDiff.modifiedForeground	#5CB3FF	#76AEFF	#41B7FE	#6DB1FB	#63B3FB	#55B4FF	#70AFFF	#00C1E0
agentsMobileDiff.deletedForeground	#F84A54	#FB4F43	#F84A54	#F94C4C	#F84A54	#F84A54	#F74959	#F94C4C
peekViewEditor.background	#020108	#040105	#050002	#050101	#040100	#000300	#000303	#000209
peekViewResult.background	#040208	#060205	#070203	#070201	#050301	#000502	#000405	#02030A
peekView.border	#4B3E91	#67327E	#7F2B60	#862E2F	#793F0A	#005735	#00555E	#1D4B8F
peekViewTitle.background	#0A0716	#100611	#13050B	#120605	#100802	#000E04	#000D0E	#030918
peekViewTitleLabel.foreground	#ADA7C9	#BBA3BE	#C4A1AF	#CBA8A2	#D4BCA8	#9CBEA5	#84B7BC	#9BADCC
peekViewTitleDescription.foreground	#8B85A8	#99819C	#A27F8D	#A9857F	#B19984	#799C82	#5F959A	#788BAB
peekViewEditorGutter.background	#020108	#040105	#050002	#050101	#040100	#000300	#000303	#000209
peekViewEditor.matchHighlightBackground	#6C5CE766	#9B48CA66	#C2389966	#D03B4966	#BB5B0066	#00874C66	#00828D66	#0074E066
peekViewEditorStickyScroll.background	#0A0716	#100611	#13050B	#120605	#100802	#000E04	#000D0E	#030918
peekViewEditorStickyScrollGutter.background	#0A0716	#100611	#13050B	#120605	#100802	#000E04	#000D0E	#030918
peekViewResult.fileForeground	#9993B8	#A88EAC	#B28C9C	#B8938D	#C1A791	#86AB90	#6BA4A9	#859ABB
peekViewResult.lineForeground	#8B85A8	#99819C	#A27F8D	#A9857F	#B19984	#799C82	#5F959A	#788BAB
peekViewResult.matchHighlightBackground	#4B3E9155	#67327E55	#7F2B6055	#862E2F55	#793F0A55	#00573555	#00555E55	#1D4B8F55
peekViewResult.selectionBackground	#150F2C	#1F0C24	#250A18	#240D0B	#211003	#001B07	#00191B	#03142F
peekViewResult.selectionForeground	#ADA7C9	#BBA3BE	#C4A1AF	#CBA8A2	#D4BCA8	#9CBEA5	#84B7BC	#9BADCC
editorError.foreground	#F84A54	#FB4F43	#F84A54	#F94C4C	#F84A54	#F84A54	#F74959	#F94C4C
editorWarning.foreground	#ECC400	#F0C100	#CFCE18	#CFCE18	#ECC400	#F4BF00	#CFCE18	#FCB900
editorInfo.foreground	#5CB3FF	#76AEFF	#41B7FE	#6DB1FB	#63B3FB	#55B4FF	#70AFFF	#00C1E0
editorHint.foreground	#64D8CB	#62D6DC	#56D7E0	#6BD4E0	#69D7D0	#4AD9D9	#73DCB6	#66D9C4
editorOverviewRuler.errorForeground	#F84A54	#FB4F43	#F84A54	#F94C4C	#F84A54	#F84A54	#F74959	#F94C4C
editorOverviewRuler.warningForeground	#ECC400	#F0C100	#CFCE18	#CFCE18	#ECC400	#F4BF00	#CFCE18	#FCB900
editorOverviewRuler.infoForeground	#5CB3FF	#76AEFF	#41B7FE	#6DB1FB	#63B3FB	#55B4FF	#70AFFF	#00C1E0
minimap.errorHighlight	#F84A5499	#FB4F4399	#F84A5499	#F94C4C99	#F84A5499	#F84A5499	#F7495999	#F94C4C99
minimap.warningHighlight	#ECC40099	#F0C10099	#CFCE1899	#CFCE1899	#ECC40099	#F4BF0099	#CFCE1899	#FCB90099
minimap.infoHighlight	#5CB3FF99	#76AEFF99	#41B7FE99	#6DB1FB99	#63B3FB99	#55B4FF99	#70AFFF99	#00C1E099
problemsErrorIcon.foreground	#F84A54	#FB4F43	#F84A54	#F94C4C	#F84A54	#F84A54	#F74959	#F94C4C
problemsWarningIcon.foreground	#ECC400	#F0C100	#CFCE18	#CFCE18	#ECC400	#F4BF00	#CFCE18	#FCB900
problemsInfoIcon.foreground	#5CB3FF	#76AEFF	#41B7FE	#6DB1FB	#63B3FB	#55B4FF	#70AFFF	#00C1E0
list.errorForeground	#F84A54	#FB4F43	#F84A54	#F94C4C	#F84A54	#F84A54	#F74959	#F94C4C
list.warningForeground	#ECC400	#F0C100	#CFCE18	#CFCE18	#ECC400	#F4BF00	#CFCE18	#FCB900
inputValidation.errorBackground	#0A0716	#100611	#13050B	#120605	#100802	#000E04	#000D0E	#030918
inputValidation.errorForeground	#9993B8	#A88EAC	#B28C9C	#B8938D	#C1A791	#86AB90	#6BA4A9	#859ABB
inputValidation.errorBorder	#F84A54	#FB4F43	#F84A54	#F94C4C	#F84A54	#F84A54	#F74959	#F94C4C
inputValidation.warningBackground	#0A0716	#100611	#13050B	#120605	#100802	#000E04	#000D0E	#030918
inputValidation.warningForeground	#9993B8	#A88EAC	#B28C9C	#B8938D	#C1A791	#86AB90	#6BA4A9	#859ABB
inputValidation.warningBorder	#ECC400	#F0C100	#CFCE18	#CFCE18	#ECC400	#F4BF00	#CFCE18	#FCB900
inputValidation.infoBackground	#0A0716	#100611	#13050B	#120605	#100802	#000E04	#000D0E	#030918
inputValidation.infoForeground	#9993B8	#A88EAC	#B28C9C	#B8938D	#C1A791	#86AB90	#6BA4A9	#859ABB
inputValidation.infoBorder	#5CB3FF	#76AEFF	#41B7FE	#6DB1FB	#63B3FB	#55B4FF	#70AFFF	#00C1E0
editorMarkerNavigation.background	#0A0716	#100611	#13050B	#120605	#100802	#000E04	#000D0E	#030918
editorMarkerNavigationError.background	#F84A54	#FB4F43	#F84A54	#F94C4C	#F84A54	#F84A54	#F74959	#F94C4C
editorMarkerNavigationError.headerBackground	#F84A5422	#FB4F4322	#F84A5422	#F94C4C22	#F84A5422	#F84A5422	#F7495922	#F94C4C22
editorMarkerNavigationWarning.background	#ECC400	#F0C100	#CFCE18	#CFCE18	#ECC400	#F4BF00	#CFCE18	#FCB900
editorMarkerNavigationWarning.headerBackground	#ECC40022	#F0C10022	#CFCE1822	#CFCE1822	#ECC40022	#F4BF0022	#CFCE1822	#FCB90022
editorMarkerNavigationInfo.background	#5CB3FF	#76AEFF	#41B7FE	#6DB1FB	#63B3FB	#55B4FF	#70AFFF	#00C1E0
editorMarkerNavigationInfo.headerBackground	#5CB3FF22	#76AEFF22	#41B7FE22	#6DB1FB22	#63B3FB22	#55B4FF22	#70AFFF22	#00C1E022
debugExceptionWidget.background	#F84A5422	#FB4F4322	#F84A5422	#F94C4C22	#F84A5422	#F84A5422	#F7495922	#F94C4C22
debugExceptionWidget.border	#F84A54	#FB4F43	#F84A54	#F94C4C	#F84A54	#F84A54	#F74959	#F94C4C
debugToolBar.background	#0A0716	#100611	#13050B	#120605	#100802	#000E04	#000D0E	#030918
debugToolBar.border	#352A5E	#47244F	#52213A	#502622	#4B2C10	#00401A	#003D40	#123363
editor.stackFrameHighlightBackground	#ECC40033	#F0C10033	#CFCE1833	#CFCE1833	#ECC40033	#F4BF0033	#CFCE1833	#FCB90033
editor.focusedStackFrameHighlightBackground	#8FD19E33	#9AD29B33	#74CEA933	#79CBAF33	#90D0A133	#BBD88733	#AAD69233	#93D29B33
editor.inlineValuesForeground	#8B85A8	#99819C	#A27F8D	#A9857F	#B19984	#799C82	#5F959A	#788BAB
editor.inlineValuesBackground	#1C144066	#2B0F3466	#340B2466	#34100F66	#30150166	#00250766	#00232366	#001C3F66
debugView.exceptionLabelForeground	#EDEAF7	#F2E8F2	#F6E8EC	#FDF0ED	#FFFBF7	#E9F7EE	#DEF0F3	#E6ECF8
debugView.exceptionLabelBackground	#F84A5455	#FB4F4355	#F84A5455	#F94C4C55	#F84A5455	#F84A5455	#F7495955	#F94C4C55
debugView.stateLabelForeground	#9993B8	#A88EAC	#B28C9C	#B8938D	#C1A791	#86AB90	#6BA4A9	#859ABB
debugView.stateLabelBackground	#150F2C	#1F0C24	#250A18	#240D0B	#211003	#001B07	#00191B	#03142F
debugView.valueChangedHighlight	#5CB3FF66	#76AEFF66	#41B7FE66	#6DB1FB66	#63B3FB66	#55B4FF66	#70AFFF66	#00C1E066
debugTokenExpression.name	#BB9AF7	#E78CC1	#BD9BEF	#DD92C9	#BE9DE5	#C794F3	#EF85C4	#C895EE
debugTokenExpression.value	#9993B8	#A88EAC	#B28C9C	#B8938D	#C1A791	#86AB90	#6BA4A9	#859ABB
debugTokenExpression.string	#8FD19E	#9AD29B	#74CEA9	#79CBAF	#90D0A1	#BBD887	#AAD692	#93D29B
debugTokenExpression.boolean	#FF6AC1	#CA89FF	#FF72B7	#FF8E93	#FF9C3E	#36DB86	#00CBE0	#7CAAFF
debugTokenExpression.number	#F6C177	#F8BC7A	#ECCC72	#E4CF80	#F09A97	#FC9888	#FDB376	#FBAB7E
debugTokenExpression.error	#F84A54	#FB4F43	#F84A54	#F94C4C	#F84A54	#F84A54	#F74959	#F94C4C
debugTokenExpression.type	#64D8CB	#62D6DC	#56D7E0	#6BD4E0	#69D7D0	#4AD9D9	#73DCB6	#66D9C4
debugIcon.breakpointForeground	#F84A54	#FB4F43	#F84A54	#F94C4C	#F84A54	#F84A54	#F74959	#F94C4C
debugIcon.breakpointDisabledForeground	#6E6795	#816287	#8C6074	#8F625B	#8D6D53	#4E7B59	#2A7B80	#567098
debugIcon.breakpointUnverifiedForeground	#6E6795	#816287	#8C6074	#8F625B	#8D6D53	#4E7B59	#2A7B80	#567098
debugIcon.breakpointCurrentStackframeForeground	#ECC400	#F0C100	#CFCE18	#CFCE18	#ECC400	#F4BF00	#CFCE18	#FCB900
debugIcon.breakpointStackframeForeground	#8FD19E	#9AD29B	#74CEA9	#79CBAF	#90D0A1	#BBD887	#AAD692	#93D29B
debugIcon.startForeground	#8FD19E	#9AD29B	#74CEA9	#79CBAF	#90D0A1	#BBD887	#AAD692	#93D29B
debugIcon.pauseForeground	#5CB3FF	#76AEFF	#41B7FE	#6DB1FB	#63B3FB	#55B4FF	#70AFFF	#00C1E0
debugIcon.stopForeground	#F84A54	#FB4F43	#F84A54	#F94C4C	#F84A54	#F84A54	#F74959	#F94C4C
debugIcon.disconnectForeground	#F84A54	#FB4F43	#F84A54	#F94C4C	#F84A54	#F84A54	#F74959	#F94C4C
debugIcon.restartForeground	#8FD19E	#9AD29B	#74CEA9	#79CBAF	#90D0A1	#BBD887	#AAD692	#93D29B
debugIcon.stepOverForeground	#5CB3FF	#76AEFF	#41B7FE	#6DB1FB	#63B3FB	#55B4FF	#70AFFF	#00C1E0
debugIcon.stepIntoForeground	#5CB3FF	#76AEFF	#41B7FE	#6DB1FB	#63B3FB	#55B4FF	#70AFFF	#00C1E0
debugIcon.stepOutForeground	#5CB3FF	#76AEFF	#41B7FE	#6DB1FB	#63B3FB	#55B4FF	#70AFFF	#00C1E0
debugIcon.continueForeground	#5CB3FF	#76AEFF	#41B7FE	#6DB1FB	#63B3FB	#55B4FF	#70AFFF	#00C1E0
debugIcon.stepBackForeground	#5CB3FF	#76AEFF	#41B7FE	#6DB1FB	#63B3FB	#55B4FF	#70AFFF	#00C1E0
debugConsole.infoForeground	#5CB3FF	#76AEFF	#41B7FE	#6DB1FB	#63B3FB	#55B4FF	#70AFFF	#00C1E0
debugConsole.warningForeground	#ECC400	#F0C100	#CFCE18	#CFCE18	#ECC400	#F4BF00	#CFCE18	#FCB900
debugConsole.errorForeground	#F84A54	#FB4F43	#F84A54	#F94C4C	#F84A54	#F84A54	#F74959	#F94C4C
debugConsole.sourceForeground	#8B85A8	#99819C	#A27F8D	#A9857F	#B19984	#799C82	#5F959A	#788BAB
debugConsoleInputIcon.foreground	#B39DDB	#CA96C4	#D694A7	#DEA18F	#E0BA8E	#75C29A	#51BBCD	#92A8E4
testing.runAction	#8FD19E	#9AD29B	#74CEA9	#79CBAF	#90D0A1	#BBD887	#AAD692	#93D29B
testing.iconFailed	#F84A54	#FB4F43	#F84A54	#F94C4C	#F84A54	#F84A54	#F74959	#F94C4C
testing.iconErrored	#F84A54	#FB4F43	#F84A54	#F94C4C	#F84A54	#F84A54	#F74959	#F94C4C
testing.iconPassed	#8FD19E	#9AD29B	#74CEA9	#79CBAF	#90D0A1	#BBD887	#AAD692	#93D29B
testing.iconQueued	#ECC400	#F0C100	#CFCE18	#CFCE18	#ECC400	#F4BF00	#CFCE18	#FCB900
testing.iconUnset	#6E6795	#816287	#8C6074	#8F625B	#8D6D53	#4E7B59	#2A7B80	#567098
testing.iconSkipped	#6E6795	#816287	#8C6074	#8F625B	#8D6D53	#4E7B59	#2A7B80	#567098
testing.iconFailed.retired	#F84A5499	#FB4F4399	#F84A5499	#F94C4C99	#F84A5499	#F84A5499	#F7495999	#F94C4C99
testing.iconErrored.retired	#F84A5499	#FB4F4399	#F84A5499	#F94C4C99	#F84A5499	#F84A5499	#F7495999	#F94C4C99
testing.iconPassed.retired	#8FD19E99	#9AD29B99	#74CEA999	#79CBAF99	#90D0A199	#BBD88799	#AAD69299	#93D29B99
testing.iconQueued.retired	#ECC40099	#F0C10099	#CFCE1899	#CFCE1899	#ECC40099	#F4BF0099	#CFCE1899	#FCB90099
testing.iconUnset.retired	#6E679599	#81628799	#8C607499	#8F625B99	#8D6D5399	#4E7B5999	#2A7B8099	#56709899
testing.iconSkipped.retired	#6E679599	#81628799	#8C607499	#8F625B99	#8D6D5399	#4E7B5999	#2A7B8099	#56709899
testing.peekBorder	#F84A54	#FB4F43	#F84A54	#F94C4C	#F84A54	#F84A54	#F74959	#F94C4C
testing.peekHeaderBackground	#F84A5422	#FB4F4322	#F84A5422	#F94C4C22	#F84A5422	#F84A5422	#F7495922	#F94C4C22
testing.messagePeekBorder	#5CB3FF	#76AEFF	#41B7FE	#6DB1FB	#63B3FB	#55B4FF	#70AFFF	#00C1E0
testing.messagePeekHeaderBackground	#5CB3FF22	#76AEFF22	#41B7FE22	#6DB1FB22	#63B3FB22	#55B4FF22	#70AFFF22	#00C1E022
testing.message.error.lineBackground	#F84A5422	#FB4F4322	#F84A5422	#F94C4C22	#F84A5422	#F84A5422	#F7495922	#F94C4C22
testing.message.error.badgeBackground	#F84A54	#FB4F43	#F84A54	#F94C4C	#F84A54	#F84A54	#F74959	#F94C4C
testing.message.error.badgeBorder	#F84A54	#FB4F43	#F84A54	#F94C4C	#F84A54	#F84A54	#F74959	#F94C4C
testing.message.error.badgeForeground	#020108	#040105	#050002	#050101	#040100	#000300	#000303	#000209
testing.message.info.decorationForeground	#6E6795	#816287	#8C6074	#8F625B	#8D6D53	#4E7B59	#2A7B80	#567098
testing.coveredBackground	#8FD19E22	#9AD29B22	#74CEA922	#79CBAF22	#90D0A122	#BBD88722	#AAD69222	#93D29B22
testing.coveredBorder	#8FD19E55	#9AD29B55	#74CEA955	#79CBAF55	#90D0A155	#BBD88755	#AAD69255	#93D29B55
testing.coveredGutterBackground	#8FD19E22	#9AD29B22	#74CEA922	#79CBAF22	#90D0A122	#BBD88722	#AAD69222	#93D29B22
testing.uncoveredBackground	#F84A5433	#FB4F4333	#F84A5433	#F94C4C33	#F84A5433	#F84A5433	#F7495933	#F94C4C33
testing.uncoveredBorder	#F84A5455	#FB4F4355	#F84A5455	#F94C4C55	#F84A5455	#F84A5455	#F7495955	#F94C4C55
testing.uncoveredGutterBackground	#F84A5433	#FB4F4333	#F84A5433	#F94C4C33	#F84A5433	#F84A5433	#F7495933	#F94C4C33
testing.uncoveredBranchBackground	#F84A5455	#FB4F4355	#F84A5455	#F94C4C55	#F84A5455	#F84A5455	#F7495955	#F94C4C55
testing.coverCountBadgeBackground	#4B3E91	#67327E	#7F2B60	#862E2F	#793F0A	#005735	#00555E	#1D4B8F
testing.coverCountBadgeForeground	#FFFFFF	#FFFFFF	#FFFFFF	#FFFFFF	#FFFFFF	#FFFFFF	#FFFFFF	#FFFFFF
charts.foreground	#9993B8	#A88EAC	#B28C9C	#B8938D	#C1A791	#86AB90	#6BA4A9	#859ABB
charts.lines	#352A5E	#47244F	#52213A	#502622	#4B2C10	#00401A	#003D40	#123363
charts.red	#F84A54	#FB4F43	#F84A54	#F94C4C	#F84A54	#F84A54	#F74959	#F94C4C
charts.blue	#5CB3FF	#76AEFF	#41B7FE	#6DB1FB	#63B3FB	#55B4FF	#70AFFF	#00C1E0
charts.yellow	#ECC400	#F0C100	#CFCE18	#CFCE18	#ECC400	#F4BF00	#CFCE18	#FCB900
charts.orange	#FFAB70	#FC9C7F	#FFA872	#F9B673	#FF9C3E	#FC9888	#FDB376	#FBAB7E
charts.green	#8FD19E	#9AD29B	#74CEA9	#79CBAF	#90D0A1	#BBD887	#AAD692	#93D29B
charts.purple	#BB9AF7	#CA89FF	#BD9BEF	#DD92C9	#BE9DE5	#C794F3	#EF85C4	#C895EE
chart.line	#6C5CE7	#9B48CA	#C23899	#D03B49	#BB5B00	#00874C	#00828D	#0074E0
chart.axis	#352A5E	#47244F	#52213A	#502622	#4B2C10	#00401A	#003D40	#123363
chart.guide	#150F2C	#1F0C24	#250A18	#240D0B	#211003	#001B07	#00191B	#03142F
rule 001 Comentários	#6E6795 i	#816287 i	#8C6074 i	#8F625B i	#8D6D53 i	#4E7B59 i	#2A7B80 i	#567098 i
rule 002 Palavras-chave	#FF6AC1 bi	#CA89FF bi	#FF72B7 bi	#FF8E93 bi	#FF9C3E bi	#36DB86 bi	#00CBE0 bi	#7CAAFF bi
rule 003 Nomes reservados de declaração de tipo NÃO herdam a cor do nome do tipo (fix defensivo interface/enum/struct/record/class)	#FF6AC1 bi	#CA89FF bi	#FF72B7 bi	#FF8E93 bi	#FF9C3E bi	#36DB86 bi	#00CBE0 bi	#7CAAFF bi
rule 004 Constantes de linguagem (true/false/null/undefined/this/self)	#FF6AC1 bi	#CA89FF bi	#FF72B7 bi	#FF8E93 bi	#FF9C3E bi	#36DB86 bi	#00CBE0 bi	#7CAAFF bi
rule 005 Strings	#8FD19E	#9AD29B	#74CEA9	#79CBAF	#90D0A1	#BBD887	#AAD692	#93D29B
rule 006 Sequências de escape dentro de strings	#FF6AC1 bi	#CA89FF bi	#FF72B7 bi	#FF8E93 bi	#FF9C3E bi	#36DB86 bi	#00CBE0 bi	#7CAAFF bi
rule 007 Interpolação de strings (marcadores ${} #{} $())	#FF6AC1	#CA89FF	#FF72B7	#FF8E93	#FF9C3E	#36DB86	#00CBE0	#7CAAFF
rule 008 Pontuação e chaves/colchetes/vírgulas	#FF6AC1 plain	#CA89FF plain	#FF72B7 plain	#FF8E93 plain	#FF9C3E plain	#36DB86 plain	#00CBE0 plain	#7CAAFF plain
rule 009 Números	#F6C177	#F8BC7A	#ECCC72	#E4CF80	#F09A97	#FC9888	#FDB376	#FBAB7E
rule 010 Operadores (somente cor, nunca negrito/itálico)	#9D8CFF plain	#AD97B4 plain	#B994A5 plain	#C19893 plain	#CBAB93 plain	#95B399 plain	#7BAAAB plain	#8CA2BF plain
rule 011 Métodos e funções - declaração	#5CB3FF b	#76AEFF b	#41B7FE b	#6DB1FB b	#63B3FB b	#55B4FF b	#70AFFF b	#00C1E0 b
rule 012 Métodos e funções - chamada	#5CB3FF plain	#76AEFF plain	#41B7FE plain	#6DB1FB plain	#63B3FB plain	#55B4FF plain	#70AFFF plain	#00C1E0 plain
rule 013 Membros estáticos (métodos, campos e propriedades static) - sempre itálico	- i	- i	- i	- i	- i	- i	- i	- i
rule 014 Classes (inclui sealed - mesmo padrão de classes comuns)	#64D8CB b	#62D6DC b	#56D7E0 b	#6BD4E0 b	#69D7D0 b	#4AD9D9 b	#73DCB6 b	#66D9C4 b
rule 015 Delegates C# (Action / Func / Predicate) - mesma cor de métodos, em negrito	#5CB3FF b	#76AEFF b	#41B7FE b	#6DB1FB b	#63B3FB b	#55B4FF b	#70AFFF b	#00C1E0 b
rule 016 Function Components (JSX/TSX) - mesmo tratamento visual de classes	#64D8CB b	#62D6DC b	#56D7E0 b	#6BD4E0 b	#69D7D0 b	#4AD9D9 b	#73DCB6 b	#66D9C4 b
rule 017 Records e Structs (mesma regra de classes, apenas o nome do tipo)	#64D8CB b	#62D6DC b	#56D7E0 b	#6BD4E0 b	#69D7D0 b	#4AD9D9 b	#73DCB6 b	#66D9C4 b
rule 018 Classes/records/structs estáticos - apenas itálico, sem negrito (fallback léxico; ver semanticTokenColors para cobertura em qualquer ponto de uso)	#64D8CB i	#62D6DC i	#56D7E0 i	#6BD4E0 i	#69D7D0 i	#4AD9D9 i	#73DCB6 i	#66D9C4 i
rule 019 Interfaces e Enums (mesma cor, apenas o nome do tipo)	#D6E64B plain	#E7E345 plain	#A4EA62 plain	#93E780 plain	#CAE75D plain	#FFCA96 plain	#FFD95E plain	#E7E339 plain
rule 020 Valores de enum (cor diferenciada)	#FFAB70	#FC9C7F	#FFA872	#F9B673	#E991BB	#F489B5	#FE9483	#F78E97
rule 021 Variáveis locais	#B8B2D9 plain	#C8ADCC plain	#D3ABBB plain	#D9B2AB plain	#E2C6AF plain	#A5CBAE plain	#89C4C8 plain	#A3B9DC plain
rule 022 Parâmetros de métodos - sempre itálico	#B8B2D9 i	#C8ADCC i	#D3ABBB i	#D9B2AB i	#E2C6AF i	#A5CBAE i	#89C4C8 i	#A3B9DC i
rule 023 Propriedades e campos de classes	#BB9AF7 plain	#E78CC1 plain	#BD9BEF plain	#DD92C9 plain	#BE9DE5 plain	#C794F3 plain	#EF85C4 plain	#C895EE plain
rule 024 Generics (apenas o nome do tipo, os símbolos < > seguem a cor de pontuação)	#D7336B plain	#CC3A8D plain	#BE3EB7 plain	#8E59D7 plain	#7361E4 plain	#8056F5 plain	#8956E9 plain	#C73BA3 plain
rule 025 Decoradores / Atributos (JS, TS, Python, C#)	#F6C177 i	#F8BC7A i	#ECCC72 i	#E4CF80 i	#F09A97 i	#FC9888 i	#FDB376 i	#FBAB7E i
rule 026 Tipos primitivos	#64D8CB plain	#62D6DC plain	#56D7E0 plain	#6BD4E0 plain	#69D7D0 plain	#4AD9D9 plain	#73DCB6 plain	#66D9C4 plain
rule 027 PowerShell - Variáveis ($var)	#B8B2D9	#C8ADCC	#D3ABBB	#D9B2AB	#E2C6AF	#A5CBAE	#89C4C8	#A3B9DC
rule 028 PowerShell - Cmdlets	#5CB3FF	#76AEFF	#41B7FE	#6DB1FB	#63B3FB	#55B4FF	#70AFFF	#00C1E0
rule 029 PowerShell - Parâmetros (-Param)	#B8B2D9 i	#C8ADCC i	#D3ABBB i	#D9B2AB i	#E2C6AF i	#A5CBAE i	#89C4C8 i	#A3B9DC i
rule 030 Markdown - Cabeçalhos	#64D8CB b	#62D6DC b	#56D7E0 b	#6BD4E0 b	#69D7D0 b	#4AD9D9 b	#73DCB6 b	#66D9C4 b
rule 031 Markdown - Negrito	#9993B8 b	#A88EAC b	#B28C9C b	#B8938D b	#C1A791 b	#86AB90 b	#6BA4A9 b	#859ABB b
rule 032 Markdown - Itálico	#9993B8 i	#A88EAC i	#B28C9C i	#B8938D i	#C1A791 i	#86AB90 i	#6BA4A9 i	#859ABB i
rule 033 Markdown - Links	#5CB3FF u	#76AEFF u	#41B7FE u	#6DB1FB u	#63B3FB u	#55B4FF u	#70AFFF u	#00C1E0 u
rule 034 Markdown - Código inline/bloco	#FFAB70	#FC9C7F	#FFA872	#F9B673	#E991BB	#F489B5	#FE9483	#F78E97
rule 035 Markdown - Citação	#6E6795 i	#816287 i	#8C6074 i	#8F625B i	#8D6D53 i	#4E7B59 i	#2A7B80 i	#567098 i
rule 036 JSON - Chaves (keys)	#BB9AF7	#E78CC1	#BD9BEF	#DD92C9	#BE9DE5	#C794F3	#EF85C4	#C895EE
rule 037 JSON - Valores string	#8FD19E	#9AD29B	#74CEA9	#79CBAF	#90D0A1	#BBD887	#AAD692	#93D29B
rule 038 JSON - Constantes (true/false/null)	#FF6AC1 bi	#CA89FF bi	#FF72B7 bi	#FF8E93 bi	#FF9C3E bi	#36DB86 bi	#00CBE0 bi	#7CAAFF bi
rule 039 Tags/atributos genéricos de markup	#BB9AF7 i	#E78CC1 i	#BD9BEF i	#DD92C9 i	#BE9DE5 i	#C794F3 i	#EF85C4 i	#C895EE i
rule 040 Referências de tipo (o nome de um tipo onde ele é usado)	#64D8CB plain	#62D6DC plain	#56D7E0 plain	#6BD4E0 plain	#69D7D0 plain	#4AD9D9 plain	#73DCB6 plain	#66D9C4 plain
rule 041 Operadores que a gramática chama de controle (o ternário em Java)	#9D8CFF plain	#AD97B4 plain	#B994A5 plain	#C19893 plain	#CBAB93 plain	#95B399 plain	#7BAAAB plain	#8CA2BF plain
rule 042 Traits (Rust) - interfaces	#D6E64B plain	#E7E345 plain	#A4EA62 plain	#93E780 plain	#CAE75D plain	#FFCA96 plain	#FFD95E plain	#E7E339 plain
rule 043 Declaração de delegate C# - como os delegates embutidos	#5CB3FF b	#76AEFF b	#41B7FE b	#6DB1FB b	#63B3FB b	#55B4FF b	#70AFFF b	#00C1E0 b
rule 044 Argumentos de tipo em Java e parâmetros de tipo em C# (como os de TypeScript)	#D7336B plain	#CC3A8D plain	#BE3EB7 plain	#8E59D7 plain	#7361E4 plain	#8056F5 plain	#8956E9 plain	#C73BA3 plain
rule 045 Construtores (new X) - o tipo construído, como a classe	#64D8CB b	#62D6DC b	#56D7E0 b	#6BD4E0 b	#69D7D0 b	#4AD9D9 b	#73DCB6 b	#66D9C4 b
rule 046 Namespaces, módulos e pacotes (texto, como no semantic)	#9993B8 plain	#A88EAC plain	#B28C9C plain	#B8938D plain	#C1A791 plain	#86AB90 plain	#6BA4A9 plain	#859ABB plain
rule 047 Declarações de propriedade, campos e chaves de objeto	#BB9AF7 plain	#E78CC1 plain	#BD9BEF plain	#DD92C9 plain	#BE9DE5 plain	#C794F3 plain	#EF85C4 plain	#C895EE plain
rule 048 Acesso a atributo em Python (self.x) - uma propriedade, não um decorador	#BB9AF7 plain	#E78CC1 plain	#BD9BEF plain	#DD92C9 plain	#BE9DE5 plain	#C794F3 plain	#EF85C4 plain	#C895EE plain
rule 049 Chamadas em Python sem escopo próprio	#5CB3FF plain	#76AEFF plain	#41B7FE plain	#6DB1FB plain	#63B3FB plain	#55B4FF plain	#70AFFF plain	#00C1E0 plain
rule 050 Marcador de decorador em Python (@), como em TypeScript	#F6C177 i	#F8BC7A i	#ECCC72 i	#E4CF80 i	#F09A97 i	#FC9888 i	#FDB376 i	#FBAB7E i
rule 051 Variáveis e parâmetros nomeados por entity.name.variable (C#)	#B8B2D9 plain	#C8ADCC plain	#D3ABBB plain	#D9B2AB plain	#E2C6AF plain	#A5CBAE plain	#89C4C8 plain	#A3B9DC plain
rule 052 Parâmetros nomeados por entity.name.variable (C#) e flags de linha de comando - itálico, como parâmetros	#B8B2D9 i	#C8ADCC i	#D3ABBB i	#D9B2AB i	#E2C6AF i	#A5CBAE i	#89C4C8 i	#A3B9DC i
rule 053 Eventos (a cor que o ícone de evento já tem)	#5CB3FF plain	#76AEFF plain	#41B7FE plain	#6DB1FB plain	#63B3FB plain	#55B4FF plain	#70AFFF plain	#00C1E0 plain
rule 054 Variáveis de biblioteca (process, window, __name__)	#B8B2D9 plain	#C8ADCC plain	#D3ABBB plain	#D9B2AB plain	#E2C6AF plain	#A5CBAE plain	#89C4C8 plain	#A3B9DC plain
rule 055 Constantes nomeadas (valores de enum, CONSTANTES, Some/None/Ok/Err)	#FFAB70 plain	#FC9C7F plain	#FFA872 plain	#F9B673 plain	#E991BB plain	#F489B5 plain	#FE9483 plain	#F78E97 plain
rule 056 Unidades e sufixos numéricos (px, rem, ms, u32) - parte do número, nunca keyword	#F6C177 plain	#F8BC7A plain	#ECCC72 plain	#E4CF80 plain	#F09A97 plain	#FC9888 plain	#FDB376 plain	#FBAB7E plain
rule 057 Chamadas em Go, embutidas ou não - chamadas, nunca negrito de declaração	#5CB3FF plain	#76AEFF plain	#41B7FE plain	#6DB1FB plain	#63B3FB plain	#55B4FF plain	#70AFFF plain	#00C1E0 plain
rule 058 Macros (chamadas como funções)	#5CB3FF plain	#76AEFF plain	#41B7FE plain	#6DB1FB plain	#63B3FB plain	#55B4FF plain	#70AFFF plain	#00C1E0 plain
rule 059 Anotações Java/Kotlin (como decoradores)	#F6C177 i	#F8BC7A i	#ECCC72 i	#E4CF80 i	#F09A97 i	#FC9888 i	#FDB376 i	#FBAB7E i
rule 060 Lifetimes (Rust) - parâmetros de tipo	#D7336B plain	#CC3A8D plain	#BE3EB7 plain	#8E59D7 plain	#7361E4 plain	#8056F5 plain	#8956E9 plain	#C73BA3 plain
rule 061 Tags de markup (HTML, XML, JSX) e seletores de tag - o tipo de um elemento	#64D8CB plain	#62D6DC plain	#56D7E0 plain	#6BD4E0 plain	#69D7D0 plain	#4AD9D9 plain	#73DCB6 plain	#66D9C4 plain
rule 062 Chaves YAML (como chaves JSON)	#BB9AF7 plain	#E78CC1 plain	#BD9BEF plain	#DD92C9 plain	#BE9DE5 plain	#C794F3 plain	#EF85C4 plain	#C895EE plain
rule 063 Propriedades CSS (como propriedades)	#BB9AF7 plain	#E78CC1 plain	#BD9BEF plain	#DD92C9 plain	#BE9DE5 plain	#C794F3 plain	#EF85C4 plain	#C895EE plain
rule 064 Entidades HTML (&amp;) - escapes de markup, como sequências de escape	#FF6AC1 bi	#CA89FF bi	#FF72B7 bi	#FF8E93 bi	#FF9C3E bi	#36DB86 bi	#00CBE0 bi	#7CAAFF bi
rule 065 Marcadores de formato e referência ao seletor pai (%s, &) - como interpolação	#FF6AC1 plain	#CA89FF plain	#FF72B7 plain	#FF8E93 plain	#FF9C3E plain	#36DB86 plain	#00CBE0 plain	#7CAAFF plain
rule 066 SQL - parâmetros (@nome), como parâmetros	#B8B2D9 i	#C8ADCC i	#D3ABBB i	#D9B2AB i	#E2C6AF i	#A5CBAE i	#89C4C8 i	#A3B9DC i
rule 067 SQL - tabela ou alias antes do ponto	#64D8CB plain	#62D6DC plain	#56D7E0 plain	#6BD4E0 plain	#69D7D0 plain	#4AD9D9 plain	#73DCB6 plain	#66D9C4 plain
rule 068 SQL - coluna depois do ponto	#BB9AF7 plain	#E78CC1 plain	#BD9BEF plain	#DD92C9 plain	#BE9DE5 plain	#C794F3 plain	#EF85C4 plain	#C895EE plain
rule 069 Caminhos de import em Go (strings)	#8FD19E plain	#9AD29B plain	#74CEA9 plain	#79CBAF plain	#90D0A1 plain	#BBD887 plain	#AAD692 plain	#93D29B plain
rule 070 Código obsoleto (deprecated) - riscado, na cor que recua	#6E6795 s	#816287 s	#8C6074 s	#8F625B s	#8D6D53 s	#4E7B59 s	#2A7B80 s	#567098 s
rule 071 CSS - cores de sistema obsoletas (background, menu) - como valores, sem risco	#FFAB70 plain	#FC9C7F plain	#FFA872 plain	#F9B673 plain	#E991BB plain	#F489B5 plain	#FE9483 plain	#F78E97 plain
rule 072 Logs - erro (Output, .log), na cor do erro	#F84A54 b	#FB4F43 b	#F84A54 b	#F94C4C b	#F84A54 b	#F84A54 b	#F74959 b	#F94C4C b
rule 073 Logs - aviso, na cor do aviso	#ECC400 plain	#F0C100 plain	#CFCE18 plain	#CFCE18 plain	#ECC400 plain	#F4BF00 plain	#CFCE18 plain	#FCB900 plain
rule 074 Logs - informação, na cor do info	#5CB3FF plain	#76AEFF plain	#41B7FE plain	#6DB1FB plain	#63B3FB plain	#55B4FF plain	#70AFFF plain	#00C1E0 plain
rule 075 Logs - depuração, na cor do hint	#64D8CB plain	#62D6DC plain	#56D7E0 plain	#6BD4E0 plain	#69D7D0 plain	#4AD9D9 plain	#73DCB6 plain	#66D9C4 plain
semantic class	#64D8CB b	#62D6DC b	#56D7E0 b	#6BD4E0 b	#69D7D0 b	#4AD9D9 b	#73DCB6 b	#66D9C4 b
semantic class.static	#64D8CB i	#62D6DC i	#56D7E0 i	#6BD4E0 i	#69D7D0 i	#4AD9D9 i	#73DCB6 i	#66D9C4 i
semantic class.sealed	#64D8CB b	#62D6DC b	#56D7E0 b	#6BD4E0 b	#69D7D0 b	#4AD9D9 b	#73DCB6 b	#66D9C4 b
semantic delegate	#5CB3FF b	#76AEFF b	#41B7FE b	#6DB1FB b	#63B3FB b	#55B4FF b	#70AFFF b	#00C1E0 b
semantic struct	#64D8CB b	#62D6DC b	#56D7E0 b	#6BD4E0 b	#69D7D0 b	#4AD9D9 b	#73DCB6 b	#66D9C4 b
semantic struct.static	#64D8CB i	#62D6DC i	#56D7E0 i	#6BD4E0 i	#69D7D0 i	#4AD9D9 i	#73DCB6 i	#66D9C4 i
semantic interface	#D6E64B plain	#E7E345 plain	#A4EA62 plain	#93E780 plain	#CAE75D plain	#FFCA96 plain	#FFD95E plain	#E7E339 plain
semantic enum	#D6E64B plain	#E7E345 plain	#A4EA62 plain	#93E780 plain	#CAE75D plain	#FFCA96 plain	#FFD95E plain	#E7E339 plain
semantic enumMember	#FFAB70 plain	#FC9C7F plain	#FFA872 plain	#F9B673 plain	#E991BB plain	#F489B5 plain	#FE9483 plain	#F78E97 plain
semantic typeParameter	#D7336B plain	#CC3A8D plain	#BE3EB7 plain	#8E59D7 plain	#7361E4 plain	#8056F5 plain	#8956E9 plain	#C73BA3 plain
semantic type	#64D8CB plain	#62D6DC plain	#56D7E0 plain	#6BD4E0 plain	#69D7D0 plain	#4AD9D9 plain	#73DCB6 plain	#66D9C4 plain
semantic method	#5CB3FF plain	#76AEFF plain	#41B7FE plain	#6DB1FB plain	#63B3FB plain	#55B4FF plain	#70AFFF plain	#00C1E0 plain
semantic method.declaration	#5CB3FF b	#76AEFF b	#41B7FE b	#6DB1FB b	#63B3FB b	#55B4FF b	#70AFFF b	#00C1E0 b
semantic method.definition	#5CB3FF b	#76AEFF b	#41B7FE b	#6DB1FB b	#63B3FB b	#55B4FF b	#70AFFF b	#00C1E0 b
semantic method.static	#5CB3FF i	#76AEFF i	#41B7FE i	#6DB1FB i	#63B3FB i	#55B4FF i	#70AFFF i	#00C1E0 i
semantic method.declaration.static	#5CB3FF bi	#76AEFF bi	#41B7FE bi	#6DB1FB bi	#63B3FB bi	#55B4FF bi	#70AFFF bi	#00C1E0 bi
semantic method.static.declaration	#5CB3FF bi	#76AEFF bi	#41B7FE bi	#6DB1FB bi	#63B3FB bi	#55B4FF bi	#70AFFF bi	#00C1E0 bi
semantic function	#5CB3FF plain	#76AEFF plain	#41B7FE plain	#6DB1FB plain	#63B3FB plain	#55B4FF plain	#70AFFF plain	#00C1E0 plain
semantic function.declaration	#5CB3FF b	#76AEFF b	#41B7FE b	#6DB1FB b	#63B3FB b	#55B4FF b	#70AFFF b	#00C1E0 b
semantic function.definition	#5CB3FF b	#76AEFF b	#41B7FE b	#6DB1FB b	#63B3FB b	#55B4FF b	#70AFFF b	#00C1E0 b
semantic parameter	#B8B2D9 i	#C8ADCC i	#D3ABBB i	#D9B2AB i	#E2C6AF i	#A5CBAE i	#89C4C8 i	#A3B9DC i
semantic variable:typescript	#B8B2D9 plain	#C8ADCC plain	#D3ABBB plain	#D9B2AB plain	#E2C6AF plain	#A5CBAE plain	#89C4C8 plain	#A3B9DC plain
semantic variable:typescriptreact	#B8B2D9 plain	#C8ADCC plain	#D3ABBB plain	#D9B2AB plain	#E2C6AF plain	#A5CBAE plain	#89C4C8 plain	#A3B9DC plain
semantic variable:javascript	#B8B2D9 plain	#C8ADCC plain	#D3ABBB plain	#D9B2AB plain	#E2C6AF plain	#A5CBAE plain	#89C4C8 plain	#A3B9DC plain
semantic variable:javascriptreact	#B8B2D9 plain	#C8ADCC plain	#D3ABBB plain	#D9B2AB plain	#E2C6AF plain	#A5CBAE plain	#89C4C8 plain	#A3B9DC plain
semantic variable.static	#BB9AF7 i	#E78CC1 i	#BD9BEF i	#DD92C9 i	#BE9DE5 i	#C794F3 i	#EF85C4 i	#C895EE i
semantic property	#BB9AF7 plain	#E78CC1 plain	#BD9BEF plain	#DD92C9 plain	#BE9DE5 plain	#C794F3 plain	#EF85C4 plain	#C895EE plain
semantic property.static	#BB9AF7 i	#E78CC1 i	#BD9BEF i	#DD92C9 i	#BE9DE5 i	#C794F3 i	#EF85C4 i	#C895EE i
semantic property.readonly	#BB9AF7 plain	#E78CC1 plain	#BD9BEF plain	#DD92C9 plain	#BE9DE5 plain	#C794F3 plain	#EF85C4 plain	#C895EE plain
semantic property.readonly.static	#BB9AF7 i	#E78CC1 i	#BD9BEF i	#DD92C9 i	#BE9DE5 i	#C794F3 i	#EF85C4 i	#C895EE i
semantic *.readonly:csharp	#BB9AF7	#E78CC1	#BD9BEF	#DD92C9	#BE9DE5	#C794F3	#EF85C4	#C895EE
semantic namespace	#9993B8 plain	#A88EAC plain	#B28C9C plain	#B8938D plain	#C1A791 plain	#86AB90 plain	#6BA4A9 plain	#859ABB plain
semantic operator	#9D8CFF plain	#AD97B4 plain	#B994A5 plain	#C19893 plain	#CBAB93 plain	#95B399 plain	#7BAAAB plain	#8CA2BF plain
semantic keyword	#FF6AC1 bi	#CA89FF bi	#FF72B7 bi	#FF8E93 bi	#FF9C3E bi	#36DB86 bi	#00CBE0 bi	#7CAAFF bi
semantic operatorOverloaded	#9D8CFF plain	#AD97B4 plain	#B994A5 plain	#C19893 plain	#CBAB93 plain	#95B399 plain	#7BAAAB plain	#8CA2BF plain
semantic macro	#5CB3FF plain	#76AEFF plain	#41B7FE plain	#6DB1FB plain	#63B3FB plain	#55B4FF plain	#70AFFF plain	#00C1E0 plain
semantic event	#5CB3FF plain	#76AEFF plain	#41B7FE plain	#6DB1FB plain	#63B3FB plain	#55B4FF plain	#70AFFF plain	#00C1E0 plain
semantic decorator	#F6C177 i	#F8BC7A i	#ECCC72 i	#E4CF80 i	#F09A97 i	#FC9888 i	#FDB376 i	#FBAB7E i
semantic annotation	#F6C177 i	#F8BC7A i	#ECCC72 i	#E4CF80 i	#F09A97 i	#FC9888 i	#FDB376 i	#FBAB7E i
semantic attribute	#F6C177 i	#F8BC7A i	#ECCC72 i	#E4CF80 i	#F09A97 i	#FC9888 i	#FDB376 i	#FBAB7E i
semantic builtinAttribute	#F6C177 i	#F8BC7A i	#ECCC72 i	#E4CF80 i	#F09A97 i	#FC9888 i	#FDB376 i	#FBAB7E i
semantic derive	#F6C177 i	#F8BC7A i	#ECCC72 i	#E4CF80 i	#F09A97 i	#FC9888 i	#FDB376 i	#FBAB7E i
semantic constant	#FFAB70 plain	#FC9C7F plain	#FFA872 plain	#F9B673 plain	#E991BB plain	#F489B5 plain	#FE9483 plain	#F78E97 plain
semantic variable.readonly:go	#FFAB70 plain	#FC9C7F plain	#FFA872 plain	#F9B673 plain	#E991BB plain	#F489B5 plain	#FE9483 plain	#F78E97 plain
semantic variable.readonly:python	#FFAB70 plain	#FC9C7F plain	#FFA872 plain	#F9B673 plain	#E991BB plain	#F489B5 plain	#FE9483 plain	#F78E97 plain
semantic type.interface	#D6E64B plain	#E7E345 plain	#A4EA62 plain	#93E780 plain	#CAE75D plain	#FFCA96 plain	#FFD95E plain	#E7E339 plain
semantic trait	#D6E64B plain	#E7E345 plain	#A4EA62 plain	#93E780 plain	#CAE75D plain	#FFCA96 plain	#FFD95E plain	#E7E339 plain
semantic lifetime	#D7336B plain	#CC3A8D plain	#BE3EB7 plain	#8E59D7 plain	#7361E4 plain	#8056F5 plain	#8956E9 plain	#C73BA3 plain
semantic builtinType	#64D8CB plain	#62D6DC plain	#56D7E0 plain	#6BD4E0 plain	#69D7D0 plain	#4AD9D9 plain	#73DCB6 plain	#66D9C4 plain
semantic typeAlias	#64D8CB plain	#62D6DC plain	#56D7E0 plain	#6BD4E0 plain	#69D7D0 plain	#4AD9D9 plain	#73DCB6 plain	#66D9C4 plain
semantic union	#64D8CB b	#62D6DC b	#56D7E0 b	#6BD4E0 b	#69D7D0 b	#4AD9D9 b	#73DCB6 b	#66D9C4 b
semantic record	#64D8CB b	#62D6DC b	#56D7E0 b	#6BD4E0 b	#69D7D0 b	#4AD9D9 b	#73DCB6 b	#66D9C4 b
semantic recordComponent	#BB9AF7 plain	#E78CC1 plain	#BD9BEF plain	#DD92C9 plain	#BE9DE5 plain	#C794F3 plain	#EF85C4 plain	#C895EE plain
semantic selfKeyword	#FF6AC1 bi	#CA89FF bi	#FF72B7 bi	#FF8E93 bi	#FF9C3E bi	#36DB86 bi	#00CBE0 bi	#7CAAFF bi
semantic boolean	#FF6AC1 bi	#CA89FF bi	#FF72B7 bi	#FF8E93 bi	#FF9C3E bi	#36DB86 bi	#00CBE0 bi	#7CAAFF bi
semantic modifier	#FF6AC1 bi	#CA89FF bi	#FF72B7 bi	#FF8E93 bi	#FF9C3E bi	#36DB86 bi	#00CBE0 bi	#7CAAFF bi
semantic escapeSequence	#FF6AC1 bi	#CA89FF bi	#FF72B7 bi	#FF8E93 bi	#FF9C3E bi	#36DB86 bi	#00CBE0 bi	#7CAAFF bi
semantic formatSpecifier	#FF6AC1 plain	#CA89FF plain	#FF72B7 plain	#FF8E93 plain	#FF9C3E plain	#36DB86 plain	#00CBE0 plain	#7CAAFF plain
semantic *.deprecated	- +strikethrough	- +strikethrough	- +strikethrough	- +strikethrough	- +strikethrough	- +strikethrough	- +strikethrough	- +strikethrough
